ExternalId,Status,FromAddress,ToAddress,Subject
EM000001,New,james.davis@example.com,service@novastarinsurance.com,Re: Billing Issue
EM000002,Read,mary.rodriguez@example.com,service@novastarinsurance.com,Re: Policy Change
EM000003,Replied,john.martinez@example.com,service@novastarinsurance.com,Re: Claim Status
EM000004,Sent,patricia.hernandez@example.com,service@novastarinsurance.com,Re: Coverage Question
EM000005,Draft,robert.lopez@example.com,service@novastarinsurance.com,Re: Payment Problem
EM000006,New,jennifer.gonzalez@example.com,service@novastarinsurance.com,Re: Cancellation Request
EM000007,Read,michael.wilson@example.com,service@novastarinsurance.com,Re: Document Request
EM000008,Replied,linda.anderson@example.com,service@novastarinsurance.com,Re: Renewal Query
EM000009,Sent,william.thomas@example.com,service@novastarinsurance.com,Re: Fraud Report
EM000010,Draft,barbara.taylor@example.com,service@novastarinsurance.com,Re: Beneficiary Update
EM000011,New,david.moore@example.com,service@novastarinsurance.com,Re: Premium Dispute
EM000012,Read,elizabeth.jackson@example.com,service@novastarinsurance.com,Re: Address Change
EM000013,Replied,richard.martin@example.com,service@novastarinsurance.com,Re: New Claim
EM000014,Sent,susan.lee@example.com,service@novastarinsurance.com,Re: Claim Denial Appeal
EM000015,Draft,joseph.perez@example.com,service@novastarinsurance.com,Re: Agent Transfer
EM000016,New,jessica.thompson@example.com,service@novastarinsurance.com,Re: Underwriting Question
EM000017,Read,thomas.white@example.com,service@novastarinsurance.com,Re: Risk Assessment
EM000018,Replied,sarah.harris@example.com,service@novastarinsurance.com,Re: Policy Lapse
EM000019,Sent,charles.sanchez@example.com,service@novastarinsurance.com,Re: Early Termination
EM000020,Draft,karen.clark@example.com,service@novastarinsurance.com,Re: General Enquiry
EM000021,New,christopher.ramirez@example.com,service@novastarinsurance.com,Re: Billing Issue
EM000022,Read,lisa.lewis@example.com,service@novastarinsurance.com,Re: Policy Change
EM000023,Replied,daniel.robinson@example.com,service@novastarinsurance.com,Re: Claim Status
EM000024,Sent,nancy.walker@example.com,service@novastarinsurance.com,Re: Coverage Question
EM000025,Draft,matthew.young@example.com,service@novastarinsurance.com,Re: Payment Problem
EM000026,New,betty.allen@example.com,service@novastarinsurance.com,Re: Cancellation Request
EM000027,Read,anthony.king@example.com,service@novastarinsurance.com,Re: Document Request
EM000028,Replied,margaret.wright@example.com,service@novastarinsurance.com,Re: Renewal Query
EM000029,Sent,mark.scott@example.com,service@novastarinsurance.com,Re: Fraud Report
EM000030,Draft,sandra.torres@example.com,service@novastarinsurance.com,Re: Beneficiary Update
EM000031,New,donald.nguyen@example.com,service@novastarinsurance.com,Re: Premium Dispute
EM000032,Read,ashley.hill@example.com,service@novastarinsurance.com,Re: Address Change
EM000033,Replied,steven.flores@example.com,service@novastarinsurance.com,Re: New Claim
EM000034,Sent,dorothy.green@example.com,service@novastarinsurance.com,Re: Claim Denial Appeal
EM000035,Draft,paul.adams@example.com,service@novastarinsurance.com,Re: Agent Transfer
EM000036,New,kimberly.nelson@example.com,service@novastarinsurance.com,Re: Underwriting Question
EM000037,Read,andrew.baker@example.com,service@novastarinsurance.com,Re: Risk Assessment
EM000038,Replied,emily.hall@example.com,service@novastarinsurance.com,Re: Policy Lapse
EM000039,Sent,kenneth.rivera@example.com,service@novastarinsurance.com,Re: Early Termination
EM000040,Draft,donna.campbell@example.com,service@novastarinsurance.com,Re: General Enquiry
EM000041,New,joshua.mitchell@example.com,service@novastarinsurance.com,Re: Billing Issue
EM000042,Read,michelle.carter@example.com,service@novastarinsurance.com,Re: Policy Change
EM000043,Replied,kevin.roberts@example.com,service@novastarinsurance.com,Re: Claim Status
EM000044,Sent,carol.phillips@example.com,service@novastarinsurance.com,Re: Coverage Question
EM000045,Draft,brian.evans@example.com,service@novastarinsurance.com,Re: Payment Problem
EM000046,New,amanda.turner@example.com,service@novastarinsurance.com,Re: Cancellation Request
EM000047,Read,george.torres@example.com,service@novastarinsurance.com,Re: Document Request
EM000048,Replied,melissa.parker@example.com,service@novastarinsurance.com,Re: Renewal Query
EM000049,Sent,edward.collins@example.com,service@novastarinsurance.com,Re: Fraud Report
EM000050,Draft,deborah.edwards@example.com,service@novastarinsurance.com,Re: Beneficiary Update
EM000051,New,ronald.stewart@example.com,service@novastarinsurance.com,Re: Premium Dispute
EM000052,Read,stephanie.flores@example.com,service@novastarinsurance.com,Re: Address Change
EM000053,Replied,timothy.morris@example.com,service@novastarinsurance.com,Re: New Claim
EM000054,Sent,rebecca.nguyen@example.com,service@novastarinsurance.com,Re: Claim Denial Appeal
EM000055,Draft,jason.murphy@example.com,service@novastarinsurance.com,Re: Agent Transfer
EM000056,New,sharon.rivera@example.com,service@novastarinsurance.com,Re: Underwriting Question
EM000057,Read,jeffrey.cook@example.com,service@novastarinsurance.com,Re: Risk Assessment
EM000058,Replied,laura.rogers@example.com,service@novastarinsurance.com,Re: Policy Lapse
EM000059,Sent,ryan.morgan@example.com,service@novastarinsurance.com,Re: Early Termination
EM000060,Draft,cynthia.peterson@example.com,service@novastarinsurance.com,Re: General Enquiry
EM000061,New,james.cooper@example.com,service@novastarinsurance.com,Re: Billing Issue
EM000062,Read,mary.reed@example.com,service@novastarinsurance.com,Re: Policy Change
EM000063,Replied,john.bailey@example.com,service@novastarinsurance.com,Re: Claim Status
EM000064,Sent,patricia.bell@example.com,service@novastarinsurance.com,Re: Coverage Question
EM000065,Draft,robert.gomez@example.com,service@novastarinsurance.com,Re: Payment Problem
EM000066,New,jennifer.kelly@example.com,service@novastarinsurance.com,Re: Cancellation Request
EM000067,Read,michael.howard@example.com,service@novastarinsurance.com,Re: Document Request
EM000068,Replied,linda.ward@example.com,service@novastarinsurance.com,Re: Renewal Query
EM000069,Sent,william.cox@example.com,service@novastarinsurance.com,Re: Fraud Report
EM000070,Draft,barbara.diaz@example.com,service@novastarinsurance.com,Re: Beneficiary Update
EM000071,New,david.richardson@example.com,service@novastarinsurance.com,Re: Premium Dispute
EM000072,Read,elizabeth.wood@example.com,service@novastarinsurance.com,Re: Address Change
EM000073,Replied,richard.watson@example.com,service@novastarinsurance.com,Re: New Claim
EM000074,Sent,susan.smith@example.com,service@novastarinsurance.com,Re: Claim Denial Appeal
EM000075,Draft,joseph.johnson@example.com,service@novastarinsurance.com,Re: Agent Transfer
EM000076,New,jessica.williams@example.com,service@novastarinsurance.com,Re: Underwriting Question
EM000077,Read,thomas.brown@example.com,service@novastarinsurance.com,Re: Risk Assessment
EM000078,Replied,sarah.jones@example.com,service@novastarinsurance.com,Re: Policy Lapse
EM000079,Sent,charles.garcia@example.com,service@novastarinsurance.com,Re: Early Termination
EM000080,Draft,karen.miller@example.com,service@novastarinsurance.com,Re: General Enquiry
EM000081,New,christopher.davis@example.com,service@novastarinsurance.com,Re: Billing Issue
EM000082,Read,lisa.rodriguez@example.com,service@novastarinsurance.com,Re: Policy Change
EM000083,Replied,daniel.martinez@example.com,service@novastarinsurance.com,Re: Claim Status
EM000084,Sent,nancy.hernandez@example.com,service@novastarinsurance.com,Re: Coverage Question
EM000085,Draft,matthew.lopez@example.com,service@novastarinsurance.com,Re: Payment Problem
EM000086,New,betty.gonzalez@example.com,service@novastarinsurance.com,Re: Cancellation Request
EM000087,Read,anthony.wilson@example.com,service@novastarinsurance.com,Re: Document Request
EM000088,Replied,margaret.anderson@example.com,service@novastarinsurance.com,Re: Renewal Query
EM000089,Sent,mark.thomas@example.com,service@novastarinsurance.com,Re: Fraud Report
EM000090,Draft,sandra.taylor@example.com,service@novastarinsurance.com,Re: Beneficiary Update
EM000091,New,donald.moore@example.com,service@novastarinsurance.com,Re: Premium Dispute
EM000092,Read,ashley.jackson@example.com,service@novastarinsurance.com,Re: Address Change
EM000093,Replied,steven.martin@example.com,service@novastarinsurance.com,Re: New Claim
EM000094,Sent,dorothy.lee@example.com,service@novastarinsurance.com,Re: Claim Denial Appeal
EM000095,Draft,paul.perez@example.com,service@novastarinsurance.com,Re: Agent Transfer
EM000096,New,kimberly.thompson@example.com,service@novastarinsurance.com,Re: Underwriting Question
EM000097,Read,andrew.white@example.com,service@novastarinsurance.com,Re: Risk Assessment
EM000098,Replied,emily.harris@example.com,service@novastarinsurance.com,Re: Policy Lapse
EM000099,Sent,kenneth.sanchez@example.com,service@novastarinsurance.com,Re: Early Termination
EM000100,Draft,donna.clark@example.com,service@novastarinsurance.com,Re: General Enquiry
EM000101,New,joshua.ramirez@example.com,service@novastarinsurance.com,Re: Billing Issue
EM000102,Read,michelle.lewis@example.com,service@novastarinsurance.com,Re: Policy Change
EM000103,Replied,kevin.robinson@example.com,service@novastarinsurance.com,Re: Claim Status
EM000104,Sent,carol.walker@example.com,service@novastarinsurance.com,Re: Coverage Question
EM000105,Draft,brian.young@example.com,service@novastarinsurance.com,Re: Payment Problem
EM000106,New,amanda.allen@example.com,service@novastarinsurance.com,Re: Cancellation Request
EM000107,Read,george.king@example.com,service@novastarinsurance.com,Re: Document Request
EM000108,Replied,melissa.wright@example.com,service@novastarinsurance.com,Re: Renewal Query
EM000109,Sent,edward.scott@example.com,service@novastarinsurance.com,Re: Fraud Report
EM000110,Draft,deborah.torres@example.com,service@novastarinsurance.com,Re: Beneficiary Update
EM000111,New,ronald.nguyen@example.com,service@novastarinsurance.com,Re: Premium Dispute
EM000112,Read,stephanie.hill@example.com,service@novastarinsurance.com,Re: Address Change
EM000113,Replied,timothy.flores@example.com,service@novastarinsurance.com,Re: New Claim
EM000114,Sent,rebecca.green@example.com,service@novastarinsurance.com,Re: Claim Denial Appeal
EM000115,Draft,jason.adams@example.com,service@novastarinsurance.com,Re: Agent Transfer
EM000116,New,sharon.nelson@example.com,service@novastarinsurance.com,Re: Underwriting Question
EM000117,Read,jeffrey.baker@example.com,service@novastarinsurance.com,Re: Risk Assessment
EM000118,Replied,laura.hall@example.com,service@novastarinsurance.com,Re: Policy Lapse
EM000119,Sent,ryan.rivera@example.com,service@novastarinsurance.com,Re: Early Termination
EM000120,Draft,cynthia.campbell@example.com,service@novastarinsurance.com,Re: General Enquiry
EM000121,New,james.mitchell@example.com,service@novastarinsurance.com,Re: Billing Issue
EM000122,Read,mary.carter@example.com,service@novastarinsurance.com,Re: Policy Change
EM000123,Replied,john.roberts@example.com,service@novastarinsurance.com,Re: Claim Status
EM000124,Sent,patricia.phillips@example.com,service@novastarinsurance.com,Re: Coverage Question
EM000125,Draft,robert.evans@example.com,service@novastarinsurance.com,Re: Payment Problem
EM000126,New,jennifer.turner@example.com,service@novastarinsurance.com,Re: Cancellation Request
EM000127,Read,michael.torres@example.com,service@novastarinsurance.com,Re: Document Request
EM000128,Replied,linda.parker@example.com,service@novastarinsurance.com,Re: Renewal Query
EM000129,Sent,william.collins@example.com,service@novastarinsurance.com,Re: Fraud Report
EM000130,Draft,barbara.edwards@example.com,service@novastarinsurance.com,Re: Beneficiary Update
EM000131,New,david.stewart@example.com,service@novastarinsurance.com,Re: Premium Dispute
EM000132,Read,elizabeth.flores@example.com,service@novastarinsurance.com,Re: Address Change
EM000133,Replied,richard.morris@example.com,service@novastarinsurance.com,Re: New Claim
EM000134,Sent,susan.nguyen@example.com,service@novastarinsurance.com,Re: Claim Denial Appeal
EM000135,Draft,joseph.murphy@example.com,service@novastarinsurance.com,Re: Agent Transfer
EM000136,New,jessica.rivera@example.com,service@novastarinsurance.com,Re: Underwriting Question
EM000137,Read,thomas.cook@example.com,service@novastarinsurance.com,Re: Risk Assessment
EM000138,Replied,sarah.rogers@example.com,service@novastarinsurance.com,Re: Policy Lapse
EM000139,Sent,charles.morgan@example.com,service@novastarinsurance.com,Re: Early Termination
EM000140,Draft,karen.peterson@example.com,service@novastarinsurance.com,Re: General Enquiry
EM000141,New,christopher.cooper@example.com,service@novastarinsurance.com,Re: Billing Issue
EM000142,Read,lisa.reed@example.com,service@novastarinsurance.com,Re: Policy Change
EM000143,Replied,daniel.bailey@example.com,service@novastarinsurance.com,Re: Claim Status
EM000144,Sent,nancy.bell@example.com,service@novastarinsurance.com,Re: Coverage Question
EM000145,Draft,matthew.gomez@example.com,service@novastarinsurance.com,Re: Payment Problem
EM000146,New,betty.kelly@example.com,service@novastarinsurance.com,Re: Cancellation Request
EM000147,Read,anthony.howard@example.com,service@novastarinsurance.com,Re: Document Request
EM000148,Replied,margaret.ward@example.com,service@novastarinsurance.com,Re: Renewal Query
EM000149,Sent,mark.cox@example.com,service@novastarinsurance.com,Re: Fraud Report
EM000150,Draft,sandra.diaz@example.com,service@novastarinsurance.com,Re: Beneficiary Update
EM000151,New,donald.richardson@example.com,service@novastarinsurance.com,Re: Premium Dispute
EM000152,Read,ashley.wood@example.com,service@novastarinsurance.com,Re: Address Change
EM000153,Replied,steven.watson@example.com,service@novastarinsurance.com,Re: New Claim
EM000154,Sent,dorothy.smith@example.com,service@novastarinsurance.com,Re: Claim Denial Appeal
EM000155,Draft,paul.johnson@example.com,service@novastarinsurance.com,Re: Agent Transfer
EM000156,New,kimberly.williams@example.com,service@novastarinsurance.com,Re: Underwriting Question
EM000157,Read,andrew.brown@example.com,service@novastarinsurance.com,Re: Risk Assessment
EM000158,Replied,emily.jones@example.com,service@novastarinsurance.com,Re: Policy Lapse
EM000159,Sent,kenneth.garcia@example.com,service@novastarinsurance.com,Re: Early Termination
EM000160,Draft,donna.miller@example.com,service@novastarinsurance.com,Re: General Enquiry
EM000161,New,joshua.davis@example.com,service@novastarinsurance.com,Re: Billing Issue
EM000162,Read,michelle.rodriguez@example.com,service@novastarinsurance.com,Re: Policy Change
EM000163,Replied,kevin.martinez@example.com,service@novastarinsurance.com,Re: Claim Status
EM000164,Sent,carol.hernandez@example.com,service@novastarinsurance.com,Re: Coverage Question
EM000165,Draft,brian.lopez@example.com,service@novastarinsurance.com,Re: Payment Problem
EM000166,New,amanda.gonzalez@example.com,service@novastarinsurance.com,Re: Cancellation Request
EM000167,Read,george.wilson@example.com,service@novastarinsurance.com,Re: Document Request
EM000168,Replied,melissa.anderson@example.com,service@novastarinsurance.com,Re: Renewal Query
EM000169,Sent,edward.thomas@example.com,service@novastarinsurance.com,Re: Fraud Report
EM000170,Draft,deborah.taylor@example.com,service@novastarinsurance.com,Re: Beneficiary Update
EM000171,New,ronald.moore@example.com,service@novastarinsurance.com,Re: Premium Dispute
EM000172,Read,stephanie.jackson@example.com,service@novastarinsurance.com,Re: Address Change
EM000173,Replied,timothy.martin@example.com,service@novastarinsurance.com,Re: New Claim
EM000174,Sent,rebecca.lee@example.com,service@novastarinsurance.com,Re: Claim Denial Appeal
EM000175,Draft,jason.perez@example.com,service@novastarinsurance.com,Re: Agent Transfer
EM000176,New,sharon.thompson@example.com,service@novastarinsurance.com,Re: Underwriting Question
EM000177,Read,jeffrey.white@example.com,service@novastarinsurance.com,Re: Risk Assessment
EM000178,Replied,laura.harris@example.com,service@novastarinsurance.com,Re: Policy Lapse
EM000179,Sent,ryan.sanchez@example.com,service@novastarinsurance.com,Re: Early Termination
EM000180,Draft,cynthia.clark@example.com,service@novastarinsurance.com,Re: General Enquiry
EM000181,New,james.ramirez@example.com,service@novastarinsurance.com,Re: Billing Issue
EM000182,Read,mary.lewis@example.com,service@novastarinsurance.com,Re: Policy Change
EM000183,Replied,john.robinson@example.com,service@novastarinsurance.com,Re: Claim Status
EM000184,Sent,patricia.walker@example.com,service@novastarinsurance.com,Re: Coverage Question
EM000185,Draft,robert.young@example.com,service@novastarinsurance.com,Re: Payment Problem
EM000186,New,jennifer.allen@example.com,service@novastarinsurance.com,Re: Cancellation Request
EM000187,Read,michael.king@example.com,service@novastarinsurance.com,Re: Document Request
EM000188,Replied,linda.wright@example.com,service@novastarinsurance.com,Re: Renewal Query
EM000189,Sent,william.scott@example.com,service@novastarinsurance.com,Re: Fraud Report
EM000190,Draft,barbara.torres@example.com,service@novastarinsurance.com,Re: Beneficiary Update
EM000191,New,david.nguyen@example.com,service@novastarinsurance.com,Re: Premium Dispute
EM000192,Read,elizabeth.hill@example.com,service@novastarinsurance.com,Re: Address Change
EM000193,Replied,richard.flores@example.com,service@novastarinsurance.com,Re: New Claim
EM000194,Sent,susan.green@example.com,service@novastarinsurance.com,Re: Claim Denial Appeal
EM000195,Draft,joseph.adams@example.com,service@novastarinsurance.com,Re: Agent Transfer
EM000196,New,jessica.nelson@example.com,service@novastarinsurance.com,Re: Underwriting Question
EM000197,Read,thomas.baker@example.com,service@novastarinsurance.com,Re: Risk Assessment
EM000198,Replied,sarah.hall@example.com,service@novastarinsurance.com,Re: Policy Lapse
EM000199,Sent,charles.rivera@example.com,service@novastarinsurance.com,Re: Early Termination
EM000200,Draft,karen.campbell@example.com,service@novastarinsurance.com,Re: General Enquiry
EM000201,New,christopher.mitchell@example.com,service@novastarinsurance.com,Re: Billing Issue
EM000202,Read,lisa.carter@example.com,service@novastarinsurance.com,Re: Policy Change
EM000203,Replied,daniel.roberts@example.com,service@novastarinsurance.com,Re: Claim Status
EM000204,Sent,nancy.phillips@example.com,service@novastarinsurance.com,Re: Coverage Question
EM000205,Draft,matthew.evans@example.com,service@novastarinsurance.com,Re: Payment Problem
EM000206,New,betty.turner@example.com,service@novastarinsurance.com,Re: Cancellation Request
EM000207,Read,anthony.torres@example.com,service@novastarinsurance.com,Re: Document Request
EM000208,Replied,margaret.parker@example.com,service@novastarinsurance.com,Re: Renewal Query
EM000209,Sent,mark.collins@example.com,service@novastarinsurance.com,Re: Fraud Report
EM000210,Draft,sandra.edwards@example.com,service@novastarinsurance.com,Re: Beneficiary Update
EM000211,New,donald.stewart@example.com,service@novastarinsurance.com,Re: Premium Dispute
EM000212,Read,ashley.flores@example.com,service@novastarinsurance.com,Re: Address Change
EM000213,Replied,steven.morris@example.com,service@novastarinsurance.com,Re: New Claim
EM000214,Sent,dorothy.nguyen@example.com,service@novastarinsurance.com,Re: Claim Denial Appeal
EM000215,Draft,paul.murphy@example.com,service@novastarinsurance.com,Re: Agent Transfer
EM000216,New,kimberly.rivera@example.com,service@novastarinsurance.com,Re: Underwriting Question
EM000217,Read,andrew.cook@example.com,service@novastarinsurance.com,Re: Risk Assessment
EM000218,Replied,emily.rogers@example.com,service@novastarinsurance.com,Re: Policy Lapse
EM000219,Sent,kenneth.morgan@example.com,service@novastarinsurance.com,Re: Early Termination
EM000220,Draft,donna.peterson@example.com,service@novastarinsurance.com,Re: General Enquiry
EM000221,New,joshua.cooper@example.com,service@novastarinsurance.com,Re: Billing Issue
EM000222,Read,michelle.reed@example.com,service@novastarinsurance.com,Re: Policy Change
EM000223,Replied,kevin.bailey@example.com,service@novastarinsurance.com,Re: Claim Status
EM000224,Sent,carol.bell@example.com,service@novastarinsurance.com,Re: Coverage Question
EM000225,Draft,brian.gomez@example.com,service@novastarinsurance.com,Re: Payment Problem
EM000226,New,amanda.kelly@example.com,service@novastarinsurance.com,Re: Cancellation Request
EM000227,Read,george.howard@example.com,service@novastarinsurance.com,Re: Document Request
EM000228,Replied,melissa.ward@example.com,service@novastarinsurance.com,Re: Renewal Query
EM000229,Sent,edward.cox@example.com,service@novastarinsurance.com,Re: Fraud Report
EM000230,Draft,deborah.diaz@example.com,service@novastarinsurance.com,Re: Beneficiary Update
EM000231,New,ronald.richardson@example.com,service@novastarinsurance.com,Re: Premium Dispute
EM000232,Read,stephanie.wood@example.com,service@novastarinsurance.com,Re: Address Change
EM000233,Replied,timothy.watson@example.com,service@novastarinsurance.com,Re: New Claim
EM000234,Sent,rebecca.smith@example.com,service@novastarinsurance.com,Re: Claim Denial Appeal
EM000235,Draft,jason.johnson@example.com,service@novastarinsurance.com,Re: Agent Transfer
EM000236,New,sharon.williams@example.com,service@novastarinsurance.com,Re: Underwriting Question
EM000237,Read,jeffrey.brown@example.com,service@novastarinsurance.com,Re: Risk Assessment
EM000238,Replied,laura.jones@example.com,service@novastarinsurance.com,Re: Policy Lapse
EM000239,Sent,ryan.garcia@example.com,service@novastarinsurance.com,Re: Early Termination
EM000240,Draft,cynthia.miller@example.com,service@novastarinsurance.com,Re: General Enquiry
EM000241,New,james.davis@example.com,service@novastarinsurance.com,Re: Billing Issue
EM000242,Read,mary.rodriguez@example.com,service@novastarinsurance.com,Re: Policy Change
EM000243,Replied,john.martinez@example.com,service@novastarinsurance.com,Re: Claim Status
EM000244,Sent,patricia.hernandez@example.com,service@novastarinsurance.com,Re: Coverage Question
EM000245,Draft,robert.lopez@example.com,service@novastarinsurance.com,Re: Payment Problem
EM000246,New,jennifer.gonzalez@example.com,service@novastarinsurance.com,Re: Cancellation Request
EM000247,Read,michael.wilson@example.com,service@novastarinsurance.com,Re: Document Request
EM000248,Replied,linda.anderson@example.com,service@novastarinsurance.com,Re: Renewal Query
EM000249,Sent,william.thomas@example.com,service@novastarinsurance.com,Re: Fraud Report
EM000250,Draft,barbara.taylor@example.com,service@novastarinsurance.com,Re: Beneficiary Update
EM000251,New,david.moore@example.com,service@novastarinsurance.com,Re: Premium Dispute
EM000252,Read,elizabeth.jackson@example.com,service@novastarinsurance.com,Re: Address Change
EM000253,Replied,richard.martin@example.com,service@novastarinsurance.com,Re: New Claim
EM000254,Sent,susan.lee@example.com,service@novastarinsurance.com,Re: Claim Denial Appeal
EM000255,Draft,joseph.perez@example.com,service@novastarinsurance.com,Re: Agent Transfer
EM000256,New,jessica.thompson@example.com,service@novastarinsurance.com,Re: Underwriting Question
EM000257,Read,thomas.white@example.com,service@novastarinsurance.com,Re: Risk Assessment
EM000258,Replied,sarah.harris@example.com,service@novastarinsurance.com,Re: Policy Lapse
EM000259,Sent,charles.sanchez@example.com,service@novastarinsurance.com,Re: Early Termination
EM000260,Draft,karen.clark@example.com,service@novastarinsurance.com,Re: General Enquiry
EM000261,New,christopher.ramirez@example.com,service@novastarinsurance.com,Re: Billing Issue
EM000262,Read,lisa.lewis@example.com,service@novastarinsurance.com,Re: Policy Change
EM000263,Replied,daniel.robinson@example.com,service@novastarinsurance.com,Re: Claim Status
EM000264,Sent,nancy.walker@example.com,service@novastarinsurance.com,Re: Coverage Question
EM000265,Draft,matthew.young@example.com,service@novastarinsurance.com,Re: Payment Problem
EM000266,New,betty.allen@example.com,service@novastarinsurance.com,Re: Cancellation Request
EM000267,Read,anthony.king@example.com,service@novastarinsurance.com,Re: Document Request
EM000268,Replied,margaret.wright@example.com,service@novastarinsurance.com,Re: Renewal Query
EM000269,Sent,mark.scott@example.com,service@novastarinsurance.com,Re: Fraud Report
EM000270,Draft,sandra.torres@example.com,service@novastarinsurance.com,Re: Beneficiary Update
EM000271,New,donald.nguyen@example.com,service@novastarinsurance.com,Re: Premium Dispute
EM000272,Read,ashley.hill@example.com,service@novastarinsurance.com,Re: Address Change
EM000273,Replied,steven.flores@example.com,service@novastarinsurance.com,Re: New Claim
EM000274,Sent,dorothy.green@example.com,service@novastarinsurance.com,Re: Claim Denial Appeal
EM000275,Draft,paul.adams@example.com,service@novastarinsurance.com,Re: Agent Transfer
EM000276,New,kimberly.nelson@example.com,service@novastarinsurance.com,Re: Underwriting Question
EM000277,Read,andrew.baker@example.com,service@novastarinsurance.com,Re: Risk Assessment
EM000278,Replied,emily.hall@example.com,service@novastarinsurance.com,Re: Policy Lapse
EM000279,Sent,kenneth.rivera@example.com,service@novastarinsurance.com,Re: Early Termination
EM000280,Draft,donna.campbell@example.com,service@novastarinsurance.com,Re: General Enquiry
EM000281,New,joshua.mitchell@example.com,service@novastarinsurance.com,Re: Billing Issue
EM000282,Read,michelle.carter@example.com,service@novastarinsurance.com,Re: Policy Change
EM000283,Replied,kevin.roberts@example.com,service@novastarinsurance.com,Re: Claim Status
EM000284,Sent,carol.phillips@example.com,service@novastarinsurance.com,Re: Coverage Question
EM000285,Draft,brian.evans@example.com,service@novastarinsurance.com,Re: Payment Problem
EM000286,New,amanda.turner@example.com,service@novastarinsurance.com,Re: Cancellation Request
EM000287,Read,george.torres@example.com,service@novastarinsurance.com,Re: Document Request
EM000288,Replied,melissa.parker@example.com,service@novastarinsurance.com,Re: Renewal Query
EM000289,Sent,edward.collins@example.com,service@novastarinsurance.com,Re: Fraud Report
EM000290,Draft,deborah.edwards@example.com,service@novastarinsurance.com,Re: Beneficiary Update
EM000291,New,ronald.stewart@example.com,service@novastarinsurance.com,Re: Premium Dispute
EM000292,Read,stephanie.flores@example.com,service@novastarinsurance.com,Re: Address Change
EM000293,Replied,timothy.morris@example.com,service@novastarinsurance.com,Re: New Claim
EM000294,Sent,rebecca.nguyen@example.com,service@novastarinsurance.com,Re: Claim Denial Appeal
EM000295,Draft,jason.murphy@example.com,service@novastarinsurance.com,Re: Agent Transfer
EM000296,New,sharon.rivera@example.com,service@novastarinsurance.com,Re: Underwriting Question
EM000297,Read,jeffrey.cook@example.com,service@novastarinsurance.com,Re: Risk Assessment
EM000298,Replied,laura.rogers@example.com,service@novastarinsurance.com,Re: Policy Lapse
EM000299,Sent,ryan.morgan@example.com,service@novastarinsurance.com,Re: Early Termination
EM000300,Draft,cynthia.peterson@example.com,service@novastarinsurance.com,Re: General Enquiry
EM000301,New,james.cooper@example.com,service@novastarinsurance.com,Re: Billing Issue
EM000302,Read,mary.reed@example.com,service@novastarinsurance.com,Re: Policy Change
EM000303,Replied,john.bailey@example.com,service@novastarinsurance.com,Re: Claim Status
EM000304,Sent,patricia.bell@example.com,service@novastarinsurance.com,Re: Coverage Question
EM000305,Draft,robert.gomez@example.com,service@novastarinsurance.com,Re: Payment Problem
EM000306,New,jennifer.kelly@example.com,service@novastarinsurance.com,Re: Cancellation Request
EM000307,Read,michael.howard@example.com,service@novastarinsurance.com,Re: Document Request
EM000308,Replied,linda.ward@example.com,service@novastarinsurance.com,Re: Renewal Query
EM000309,Sent,william.cox@example.com,service@novastarinsurance.com,Re: Fraud Report
EM000310,Draft,barbara.diaz@example.com,service@novastarinsurance.com,Re: Beneficiary Update
EM000311,New,david.richardson@example.com,service@novastarinsurance.com,Re: Premium Dispute
EM000312,Read,elizabeth.wood@example.com,service@novastarinsurance.com,Re: Address Change
EM000313,Replied,richard.watson@example.com,service@novastarinsurance.com,Re: New Claim
EM000314,Sent,susan.smith@example.com,service@novastarinsurance.com,Re: Claim Denial Appeal
EM000315,Draft,joseph.johnson@example.com,service@novastarinsurance.com,Re: Agent Transfer
EM000316,New,jessica.williams@example.com,service@novastarinsurance.com,Re: Underwriting Question
EM000317,Read,thomas.brown@example.com,service@novastarinsurance.com,Re: Risk Assessment
EM000318,Replied,sarah.jones@example.com,service@novastarinsurance.com,Re: Policy Lapse
EM000319,Sent,charles.garcia@example.com,service@novastarinsurance.com,Re: Early Termination
EM000320,Draft,karen.miller@example.com,service@novastarinsurance.com,Re: General Enquiry
EM000321,New,christopher.davis@example.com,service@novastarinsurance.com,Re: Billing Issue
EM000322,Read,lisa.rodriguez@example.com,service@novastarinsurance.com,Re: Policy Change
EM000323,Replied,daniel.martinez@example.com,service@novastarinsurance.com,Re: Claim Status
EM000324,Sent,nancy.hernandez@example.com,service@novastarinsurance.com,Re: Coverage Question
EM000325,Draft,matthew.lopez@example.com,service@novastarinsurance.com,Re: Payment Problem
EM000326,New,betty.gonzalez@example.com,service@novastarinsurance.com,Re: Cancellation Request
EM000327,Read,anthony.wilson@example.com,service@novastarinsurance.com,Re: Document Request
EM000328,Replied,margaret.anderson@example.com,service@novastarinsurance.com,Re: Renewal Query
EM000329,Sent,mark.thomas@example.com,service@novastarinsurance.com,Re: Fraud Report
EM000330,Draft,sandra.taylor@example.com,service@novastarinsurance.com,Re: Beneficiary Update
EM000331,New,donald.moore@example.com,service@novastarinsurance.com,Re: Premium Dispute
EM000332,Read,ashley.jackson@example.com,service@novastarinsurance.com,Re: Address Change
EM000333,Replied,steven.martin@example.com,service@novastarinsurance.com,Re: New Claim
EM000334,Sent,dorothy.lee@example.com,service@novastarinsurance.com,Re: Claim Denial Appeal
EM000335,Draft,paul.perez@example.com,service@novastarinsurance.com,Re: Agent Transfer
EM000336,New,kimberly.thompson@example.com,service@novastarinsurance.com,Re: Underwriting Question
EM000337,Read,andrew.white@example.com,service@novastarinsurance.com,Re: Risk Assessment
EM000338,Replied,emily.harris@example.com,service@novastarinsurance.com,Re: Policy Lapse
EM000339,Sent,kenneth.sanchez@example.com,service@novastarinsurance.com,Re: Early Termination
EM000340,Draft,donna.clark@example.com,service@novastarinsurance.com,Re: General Enquiry
EM000341,New,joshua.ramirez@example.com,service@novastarinsurance.com,Re: Billing Issue
EM000342,Read,michelle.lewis@example.com,service@novastarinsurance.com,Re: Policy Change
EM000343,Replied,kevin.robinson@example.com,service@novastarinsurance.com,Re: Claim Status
EM000344,Sent,carol.walker@example.com,service@novastarinsurance.com,Re: Coverage Question
EM000345,Draft,brian.young@example.com,service@novastarinsurance.com,Re: Payment Problem
EM000346,New,amanda.allen@example.com,service@novastarinsurance.com,Re: Cancellation Request
EM000347,Read,george.king@example.com,service@novastarinsurance.com,Re: Document Request
EM000348,Replied,melissa.wright@example.com,service@novastarinsurance.com,Re: Renewal Query
EM000349,Sent,edward.scott@example.com,service@novastarinsurance.com,Re: Fraud Report
EM000350,Draft,deborah.torres@example.com,service@novastarinsurance.com,Re: Beneficiary Update
EM000351,New,ronald.nguyen@example.com,service@novastarinsurance.com,Re: Premium Dispute
EM000352,Read,stephanie.hill@example.com,service@novastarinsurance.com,Re: Address Change
EM000353,Replied,timothy.flores@example.com,service@novastarinsurance.com,Re: New Claim
EM000354,Sent,rebecca.green@example.com,service@novastarinsurance.com,Re: Claim Denial Appeal
EM000355,Draft,jason.adams@example.com,service@novastarinsurance.com,Re: Agent Transfer
EM000356,New,sharon.nelson@example.com,service@novastarinsurance.com,Re: Underwriting Question
EM000357,Read,jeffrey.baker@example.com,service@novastarinsurance.com,Re: Risk Assessment
EM000358,Replied,laura.hall@example.com,service@novastarinsurance.com,Re: Policy Lapse
EM000359,Sent,ryan.rivera@example.com,service@novastarinsurance.com,Re: Early Termination
EM000360,Draft,cynthia.campbell@example.com,service@novastarinsurance.com,Re: General Enquiry
EM000361,New,james.mitchell@example.com,service@novastarinsurance.com,Re: Billing Issue
EM000362,Read,mary.carter@example.com,service@novastarinsurance.com,Re: Policy Change
EM000363,Replied,john.roberts@example.com,service@novastarinsurance.com,Re: Claim Status
EM000364,Sent,patricia.phillips@example.com,service@novastarinsurance.com,Re: Coverage Question
EM000365,Draft,robert.evans@example.com,service@novastarinsurance.com,Re: Payment Problem
EM000366,New,jennifer.turner@example.com,service@novastarinsurance.com,Re: Cancellation Request
EM000367,Read,michael.torres@example.com,service@novastarinsurance.com,Re: Document Request
EM000368,Replied,linda.parker@example.com,service@novastarinsurance.com,Re: Renewal Query
EM000369,Sent,william.collins@example.com,service@novastarinsurance.com,Re: Fraud Report
EM000370,Draft,barbara.edwards@example.com,service@novastarinsurance.com,Re: Beneficiary Update
EM000371,New,david.stewart@example.com,service@novastarinsurance.com,Re: Premium Dispute
EM000372,Read,elizabeth.flores@example.com,service@novastarinsurance.com,Re: Address Change
EM000373,Replied,richard.morris@example.com,service@novastarinsurance.com,Re: New Claim
EM000374,Sent,susan.nguyen@example.com,service@novastarinsurance.com,Re: Claim Denial Appeal
EM000375,Draft,joseph.murphy@example.com,service@novastarinsurance.com,Re: Agent Transfer
EM000376,New,jessica.rivera@example.com,service@novastarinsurance.com,Re: Underwriting Question
EM000377,Read,thomas.cook@example.com,service@novastarinsurance.com,Re: Risk Assessment
EM000378,Replied,sarah.rogers@example.com,service@novastarinsurance.com,Re: Policy Lapse
EM000379,Sent,charles.morgan@example.com,service@novastarinsurance.com,Re: Early Termination
EM000380,Draft,karen.peterson@example.com,service@novastarinsurance.com,Re: General Enquiry
EM000381,New,christopher.cooper@example.com,service@novastarinsurance.com,Re: Billing Issue
EM000382,Read,lisa.reed@example.com,service@novastarinsurance.com,Re: Policy Change
EM000383,Replied,daniel.bailey@example.com,service@novastarinsurance.com,Re: Claim Status
EM000384,Sent,nancy.bell@example.com,service@novastarinsurance.com,Re: Coverage Question
EM000385,Draft,matthew.gomez@example.com,service@novastarinsurance.com,Re: Payment Problem
EM000386,New,betty.kelly@example.com,service@novastarinsurance.com,Re: Cancellation Request
EM000387,Read,anthony.howard@example.com,service@novastarinsurance.com,Re: Document Request
EM000388,Replied,margaret.ward@example.com,service@novastarinsurance.com,Re: Renewal Query
EM000389,Sent,mark.cox@example.com,service@novastarinsurance.com,Re: Fraud Report
EM000390,Draft,sandra.diaz@example.com,service@novastarinsurance.com,Re: Beneficiary Update
EM000391,New,donald.richardson@example.com,service@novastarinsurance.com,Re: Premium Dispute
EM000392,Read,ashley.wood@example.com,service@novastarinsurance.com,Re: Address Change
EM000393,Replied,steven.watson@example.com,service@novastarinsurance.com,Re: New Claim
EM000394,Sent,dorothy.smith@example.com,service@novastarinsurance.com,Re: Claim Denial Appeal
EM000395,Draft,paul.johnson@example.com,service@novastarinsurance.com,Re: Agent Transfer
EM000396,New,kimberly.williams@example.com,service@novastarinsurance.com,Re: Underwriting Question
EM000397,Read,andrew.brown@example.com,service@novastarinsurance.com,Re: Risk Assessment
EM000398,Replied,emily.jones@example.com,service@novastarinsurance.com,Re: Policy Lapse
EM000399,Sent,kenneth.garcia@example.com,service@novastarinsurance.com,Re: Early Termination
EM000400,Draft,donna.miller@example.com,service@novastarinsurance.com,Re: General Enquiry
EM000401,New,joshua.davis@example.com,service@novastarinsurance.com,Re: Billing Issue
EM000402,Read,michelle.rodriguez@example.com,service@novastarinsurance.com,Re: Policy Change
EM000403,Replied,kevin.martinez@example.com,service@novastarinsurance.com,Re: Claim Status
EM000404,Sent,carol.hernandez@example.com,service@novastarinsurance.com,Re: Coverage Question
EM000405,Draft,brian.lopez@example.com,service@novastarinsurance.com,Re: Payment Problem
EM000406,New,amanda.gonzalez@example.com,service@novastarinsurance.com,Re: Cancellation Request
EM000407,Read,george.wilson@example.com,service@novastarinsurance.com,Re: Document Request
EM000408,Replied,melissa.anderson@example.com,service@novastarinsurance.com,Re: Renewal Query
EM000409,Sent,edward.thomas@example.com,service@novastarinsurance.com,Re: Fraud Report
EM000410,Draft,deborah.taylor@example.com,service@novastarinsurance.com,Re: Beneficiary Update
EM000411,New,ronald.moore@example.com,service@novastarinsurance.com,Re: Premium Dispute
EM000412,Read,stephanie.jackson@example.com,service@novastarinsurance.com,Re: Address Change
EM000413,Replied,timothy.martin@example.com,service@novastarinsurance.com,Re: New Claim
EM000414,Sent,rebecca.lee@example.com,service@novastarinsurance.com,Re: Claim Denial Appeal
EM000415,Draft,jason.perez@example.com,service@novastarinsurance.com,Re: Agent Transfer
EM000416,New,sharon.thompson@example.com,service@novastarinsurance.com,Re: Underwriting Question
EM000417,Read,jeffrey.white@example.com,service@novastarinsurance.com,Re: Risk Assessment
EM000418,Replied,laura.harris@example.com,service@novastarinsurance.com,Re: Policy Lapse
EM000419,Sent,ryan.sanchez@example.com,service@novastarinsurance.com,Re: Early Termination
EM000420,Draft,cynthia.clark@example.com,service@novastarinsurance.com,Re: General Enquiry
EM000421,New,james.ramirez@example.com,service@novastarinsurance.com,Re: Billing Issue
EM000422,Read,mary.lewis@example.com,service@novastarinsurance.com,Re: Policy Change
EM000423,Replied,john.robinson@example.com,service@novastarinsurance.com,Re: Claim Status
EM000424,Sent,patricia.walker@example.com,service@novastarinsurance.com,Re: Coverage Question
EM000425,Draft,robert.young@example.com,service@novastarinsurance.com,Re: Payment Problem
EM000426,New,jennifer.allen@example.com,service@novastarinsurance.com,Re: Cancellation Request
EM000427,Read,michael.king@example.com,service@novastarinsurance.com,Re: Document Request
EM000428,Replied,linda.wright@example.com,service@novastarinsurance.com,Re: Renewal Query
EM000429,Sent,william.scott@example.com,service@novastarinsurance.com,Re: Fraud Report
EM000430,Draft,barbara.torres@example.com,service@novastarinsurance.com,Re: Beneficiary Update
EM000431,New,david.nguyen@example.com,service@novastarinsurance.com,Re: Premium Dispute
EM000432,Read,elizabeth.hill@example.com,service@novastarinsurance.com,Re: Address Change
EM000433,Replied,richard.flores@example.com,service@novastarinsurance.com,Re: New Claim
EM000434,Sent,susan.green@example.com,service@novastarinsurance.com,Re: Claim Denial Appeal
EM000435,Draft,joseph.adams@example.com,service@novastarinsurance.com,Re: Agent Transfer
EM000436,New,jessica.nelson@example.com,service@novastarinsurance.com,Re: Underwriting Question
EM000437,Read,thomas.baker@example.com,service@novastarinsurance.com,Re: Risk Assessment
EM000438,Replied,sarah.hall@example.com,service@novastarinsurance.com,Re: Policy Lapse
EM000439,Sent,charles.rivera@example.com,service@novastarinsurance.com,Re: Early Termination
EM000440,Draft,karen.campbell@example.com,service@novastarinsurance.com,Re: General Enquiry
EM000441,New,christopher.mitchell@example.com,service@novastarinsurance.com,Re: Billing Issue
EM000442,Read,lisa.carter@example.com,service@novastarinsurance.com,Re: Policy Change
EM000443,Replied,daniel.roberts@example.com,service@novastarinsurance.com,Re: Claim Status
EM000444,Sent,nancy.phillips@example.com,service@novastarinsurance.com,Re: Coverage Question
EM000445,Draft,matthew.evans@example.com,service@novastarinsurance.com,Re: Payment Problem
EM000446,New,betty.turner@example.com,service@novastarinsurance.com,Re: Cancellation Request
EM000447,Read,anthony.torres@example.com,service@novastarinsurance.com,Re: Document Request
EM000448,Replied,margaret.parker@example.com,service@novastarinsurance.com,Re: Renewal Query
EM000449,Sent,mark.collins@example.com,service@novastarinsurance.com,Re: Fraud Report
EM000450,Draft,sandra.edwards@example.com,service@novastarinsurance.com,Re: Beneficiary Update
EM000451,New,donald.stewart@example.com,service@novastarinsurance.com,Re: Premium Dispute
EM000452,Read,ashley.flores@example.com,service@novastarinsurance.com,Re: Address Change
EM000453,Replied,steven.morris@example.com,service@novastarinsurance.com,Re: New Claim
EM000454,Sent,dorothy.nguyen@example.com,service@novastarinsurance.com,Re: Claim Denial Appeal
EM000455,Draft,paul.murphy@example.com,service@novastarinsurance.com,Re: Agent Transfer
EM000456,New,kimberly.rivera@example.com,service@novastarinsurance.com,Re: Underwriting Question
EM000457,Read,andrew.cook@example.com,service@novastarinsurance.com,Re: Risk Assessment
EM000458,Replied,emily.rogers@example.com,service@novastarinsurance.com,Re: Policy Lapse
EM000459,Sent,kenneth.morgan@example.com,service@novastarinsurance.com,Re: Early Termination
EM000460,Draft,donna.peterson@example.com,service@novastarinsurance.com,Re: General Enquiry
EM000461,New,joshua.cooper@example.com,service@novastarinsurance.com,Re: Billing Issue
EM000462,Read,michelle.reed@example.com,service@novastarinsurance.com,Re: Policy Change
EM000463,Replied,kevin.bailey@example.com,service@novastarinsurance.com,Re: Claim Status
EM000464,Sent,carol.bell@example.com,service@novastarinsurance.com,Re: Coverage Question
EM000465,Draft,brian.gomez@example.com,service@novastarinsurance.com,Re: Payment Problem
EM000466,New,amanda.kelly@example.com,service@novastarinsurance.com,Re: Cancellation Request
EM000467,Read,george.howard@example.com,service@novastarinsurance.com,Re: Document Request
EM000468,Replied,melissa.ward@example.com,service@novastarinsurance.com,Re: Renewal Query
EM000469,Sent,edward.cox@example.com,service@novastarinsurance.com,Re: Fraud Report
EM000470,Draft,deborah.diaz@example.com,service@novastarinsurance.com,Re: Beneficiary Update
EM000471,New,ronald.richardson@example.com,service@novastarinsurance.com,Re: Premium Dispute
EM000472,Read,stephanie.wood@example.com,service@novastarinsurance.com,Re: Address Change
EM000473,Replied,timothy.watson@example.com,service@novastarinsurance.com,Re: New Claim
EM000474,Sent,rebecca.smith@example.com,service@novastarinsurance.com,Re: Claim Denial Appeal
EM000475,Draft,jason.johnson@example.com,service@novastarinsurance.com,Re: Agent Transfer
EM000476,New,sharon.williams@example.com,service@novastarinsurance.com,Re: Underwriting Question
EM000477,Read,jeffrey.brown@example.com,service@novastarinsurance.com,Re: Risk Assessment
EM000478,Replied,laura.jones@example.com,service@novastarinsurance.com,Re: Policy Lapse
EM000479,Sent,ryan.garcia@example.com,service@novastarinsurance.com,Re: Early Termination
EM000480,Draft,cynthia.miller@example.com,service@novastarinsurance.com,Re: General Enquiry
EM000481,New,james.davis@example.com,service@novastarinsurance.com,Re: Billing Issue
EM000482,Read,mary.rodriguez@example.com,service@novastarinsurance.com,Re: Policy Change
EM000483,Replied,john.martinez@example.com,service@novastarinsurance.com,Re: Claim Status
EM000484,Sent,patricia.hernandez@example.com,service@novastarinsurance.com,Re: Coverage Question
EM000485,Draft,robert.lopez@example.com,service@novastarinsurance.com,Re: Payment Problem
EM000486,New,jennifer.gonzalez@example.com,service@novastarinsurance.com,Re: Cancellation Request
EM000487,Read,michael.wilson@example.com,service@novastarinsurance.com,Re: Document Request
EM000488,Replied,linda.anderson@example.com,service@novastarinsurance.com,Re: Renewal Query
EM000489,Sent,william.thomas@example.com,service@novastarinsurance.com,Re: Fraud Report
EM000490,Draft,barbara.taylor@example.com,service@novastarinsurance.com,Re: Beneficiary Update
EM000491,New,david.moore@example.com,service@novastarinsurance.com,Re: Premium Dispute
EM000492,Read,elizabeth.jackson@example.com,service@novastarinsurance.com,Re: Address Change
EM000493,Replied,richard.martin@example.com,service@novastarinsurance.com,Re: New Claim
EM000494,Sent,susan.lee@example.com,service@novastarinsurance.com,Re: Claim Denial Appeal
EM000495,Draft,joseph.perez@example.com,service@novastarinsurance.com,Re: Agent Transfer
EM000496,New,jessica.thompson@example.com,service@novastarinsurance.com,Re: Underwriting Question
EM000497,Read,thomas.white@example.com,service@novastarinsurance.com,Re: Risk Assessment
EM000498,Replied,sarah.harris@example.com,service@novastarinsurance.com,Re: Policy Lapse
EM000499,Sent,charles.sanchez@example.com,service@novastarinsurance.com,Re: Early Termination
EM000500,Draft,karen.clark@example.com,service@novastarinsurance.com,Re: General Enquiry