ExternalId,Name,Industry,Phone,BillingCity,BillingState,BillingCountry,Website
ACC000001,Apex Industrial Systems,,,,IL,,
ACC000002,Precision Components Ltd,Industrial,+1-201-001-007,Houston,TX,United States,
ACC000003,Granite Manufacturing Co.,,,,AZ,,
ACC000004,Ironclad Production Group,Engineering,+1-203-003-021,Philadelphia,PA,United States,
ACC000005,Velocity Parts & Assembly,,,,TX,,
ACC000006,Summit Engineering Works,Utilities,+1-205-005-035,San Diego,CA,United States,
ACC000007,BlueForge Manufacturing,,,,TX,,
ACC000008,Strata Industrial Solutions,Healthcare,+1-207-007-049,San Jose,CA,United States,
ACC000009,Crestline Fabrication Inc.,,,,IL,,
ACC000010,Meridian Parts Systems,Wholesale,+1-209-009-063,Houston,TX,United States,
ACC000011,Ridgeline Manufacturing Group,,,,AZ,,
ACC000012,Cascade Production Works,Industrial,+1-211-011-077,Philadelphia,PA,United States,
ACC000013,CoreTech Assembly Co.,,,,TX,,
ACC000014,Highpoint Industrial Ltd,Engineering,+1-213-013-091,San Diego,CA,United States,
ACC000015,Streamline Parts & Components,,,,TX,,
ACC000016,Keystone Manufacturing Alliance,Utilities,+1-215-015-105,San Jose,CA,United States,
ACC000017,Pacific Fabrication Systems,,,,IL,,
ACC000018,Pinnacle Parts Group,Healthcare,+1-217-017-119,Houston,TX,United States,
ACC000019,Centennial Industrial Co.,,,,AZ,,
ACC000020,Northgate Manufacturing Inc.,Wholesale,+1-219-019-133,Philadelphia,PA,United States,
ACC000021,Lakeside Engineering Works,,,,TX,,
ACC000022,Thornton Components Group,Industrial,+1-221-021-147,San Diego,CA,United States,
ACC000023,Broadfield Production Inc.,,,,TX,,
ACC000024,Sterling Assembly Systems,Engineering,+1-223-023-161,San Jose,CA,United States,
ACC000025,Clearwater Industrial Corp.,,,,IL,,
ACC000026,Apex Industrial Systems 2,Utilities,+1-225-025-175,Houston,TX,United States,
ACC000027,Precision Components Ltd 2,,,,AZ,,
ACC000028,Granite Manufacturing Co. 2,Healthcare,+1-227-027-189,Philadelphia,PA,United States,
ACC000029,Ironclad Production Group 2,,,,TX,,
ACC000030,Velocity Parts & Assembly 2,Wholesale,+1-229-029-203,San Diego,CA,United States,
ACC000031,Summit Engineering Works 2,,,,TX,,
ACC000032,BlueForge Manufacturing 2,Industrial,+1-231-031-217,San Jose,CA,United States,
ACC000033,Strata Industrial Solutions 2,,,,IL,,
ACC000034,Crestline Fabrication Inc. 2,Engineering,+1-233-033-231,Houston,TX,United States,
ACC000035,Meridian Parts Systems 2,,,,AZ,,
ACC000036,Ridgeline Manufacturing Group 2,Utilities,+1-235-035-245,Philadelphia,PA,United States,
ACC000037,Cascade Production Works 2,,,,TX,,
ACC000038,CoreTech Assembly Co. 2,Healthcare,+1-237-037-259,San Diego,CA,United States,
ACC000039,Highpoint Industrial Ltd 2,,,,TX,,
ACC000040,Streamline Parts & Components 2,Wholesale,+1-239-039-273,San Jose,CA,United States,
ACC000041,Keystone Manufacturing Alliance 2,,,,IL,,
ACC000042,Pacific Fabrication Systems 2,Industrial,+1-241-041-287,Houston,TX,United States,
ACC000043,Pinnacle Parts Group 2,,,,AZ,,
ACC000044,Centennial Industrial Co. 2,Engineering,+1-243-043-301,Philadelphia,PA,United States,
ACC000045,Northgate Manufacturing Inc. 2,,,,TX,,
ACC000046,Lakeside Engineering Works 2,Utilities,+1-245-045-315,San Diego,CA,United States,
ACC000047,Thornton Components Group 2,,,,TX,,
ACC000048,Broadfield Production Inc. 2,Healthcare,+1-247-047-329,San Jose,CA,United States,
ACC000049,Sterling Assembly Systems 2,,,,IL,,
ACC000050,Clearwater Industrial Corp. 2,Wholesale,+1-249-049-343,Houston,TX,United States,
ACC000051,Apex Industrial Systems 3,,,,AZ,,
ACC000052,Precision Components Ltd 3,Industrial,+1-251-051-357,Philadelphia,PA,United States,
ACC000053,Granite Manufacturing Co. 3,,,,TX,,
ACC000054,Ironclad Production Group 3,Engineering,+1-253-053-371,San Diego,CA,United States,
ACC000055,Velocity Parts & Assembly 3,,,,TX,,
ACC000056,Summit Engineering Works 3,Utilities,+1-255-055-385,San Jose,CA,United States,
ACC000057,BlueForge Manufacturing 3,,,,IL,,
ACC000058,Strata Industrial Solutions 3,Healthcare,+1-257-057-399,Houston,TX,United States,
ACC000059,Crestline Fabrication Inc. 3,,,,AZ,,
ACC000060,Meridian Parts Systems 3,Wholesale,+1-259-059-413,Philadelphia,PA,United States,
ACC000061,Ridgeline Manufacturing Group 3,,,,TX,,
ACC000062,Cascade Production Works 3,Industrial,+1-261-061-427,San Diego,CA,United States,
ACC000063,CoreTech Assembly Co. 3,,,,TX,,
ACC000064,Highpoint Industrial Ltd 3,Engineering,+1-263-063-441,San Jose,CA,United States,
ACC000065,Streamline Parts & Components 3,,,,IL,,
ACC000066,Keystone Manufacturing Alliance 3,Utilities,+1-265-065-455,Houston,TX,United States,
ACC000067,Pacific Fabrication Systems 3,,,,AZ,,
ACC000068,Pinnacle Parts Group 3,Healthcare,+1-267-067-469,Philadelphia,PA,United States,
ACC000069,Centennial Industrial Co. 3,,,,TX,,
ACC000070,Northgate Manufacturing Inc. 3,Wholesale,+1-269-069-483,San Diego,CA,United States,
ACC000071,Lakeside Engineering Works 3,,,,TX,,
ACC000072,Thornton Components Group 3,Industrial,+1-271-071-497,San Jose,CA,United States,
ACC000073,Broadfield Production Inc. 3,,,,IL,,
ACC000074,Sterling Assembly Systems 3,Engineering,+1-273-073-511,Houston,TX,United States,
ACC000075,Clearwater Industrial Corp. 3,,,,AZ,,
ACC000076,Apex Industrial Systems 4,Utilities,+1-275-075-525,Philadelphia,PA,United States,
ACC000077,Precision Components Ltd 4,,,,TX,,
ACC000078,Granite Manufacturing Co. 4,Healthcare,+1-277-077-539,San Diego,CA,United States,
ACC000079,Ironclad Production Group 4,,,,TX,,
ACC000080,Velocity Parts & Assembly 4,Wholesale,+1-279-079-553,San Jose,CA,United States,
ACC000081,Summit Engineering Works 4,,,,IL,,
ACC000082,BlueForge Manufacturing 4,Industrial,+1-281-081-567,Houston,TX,United States,
ACC000083,Strata Industrial Solutions 4,,,,AZ,,
ACC000084,Crestline Fabrication Inc. 4,Engineering,+1-283-083-581,Philadelphia,PA,United States,
ACC000085,Meridian Parts Systems 4,,,,TX,,
ACC000086,Ridgeline Manufacturing Group 4,Utilities,+1-285-085-595,San Diego,CA,United States,
ACC000087,Cascade Production Works 4,,,,TX,,
ACC000088,CoreTech Assembly Co. 4,Healthcare,+1-287-087-609,San Jose,CA,United States,
ACC000089,Highpoint Industrial Ltd 4,,,,IL,,
ACC000090,Streamline Parts & Components 4,Wholesale,+1-289-089-623,Houston,TX,United States,
ACC000091,Keystone Manufacturing Alliance 4,,,,AZ,,
ACC000092,Pacific Fabrication Systems 4,Industrial,+1-291-091-637,Philadelphia,PA,United States,
ACC000093,Pinnacle Parts Group 4,,,,TX,,
ACC000094,Centennial Industrial Co. 4,Engineering,+1-293-093-651,San Diego,CA,United States,
ACC000095,Northgate Manufacturing Inc. 4,,,,TX,,
ACC000096,Lakeside Engineering Works 4,Utilities,+1-295-095-665,San Jose,CA,United States,
ACC000097,Thornton Components Group 4,,,,IL,,
ACC000098,Broadfield Production Inc. 4,Healthcare,+1-297-097-679,Houston,TX,United States,
ACC000099,Sterling Assembly Systems 4,,,,AZ,,
ACC000100,Clearwater Industrial Corp. 4,Wholesale,+1-299-099-693,Philadelphia,PA,United States,
ACC000101,Apex Industrial Systems 5,,,,TX,,
ACC000102,Precision Components Ltd 5,Industrial,+1-301-101-707,San Diego,CA,United States,
ACC000103,Granite Manufacturing Co. 5,,,,TX,,
ACC000104,Ironclad Production Group 5,Engineering,+1-303-103-721,San Jose,CA,United States,
ACC000105,Velocity Parts & Assembly 5,,,,IL,,
ACC000106,Summit Engineering Works 5,Utilities,+1-305-105-735,Houston,TX,United States,
ACC000107,BlueForge Manufacturing 5,,,,AZ,,
ACC000108,Strata Industrial Solutions 5,Healthcare,+1-307-107-749,Philadelphia,PA,United States,
ACC000109,Crestline Fabrication Inc. 5,,,,TX,,
ACC000110,Meridian Parts Systems 5,Wholesale,+1-309-109-763,San Diego,CA,United States,
ACC000111,Ridgeline Manufacturing Group 5,,,,TX,,
ACC000112,Cascade Production Works 5,Industrial,+1-311-111-777,San Jose,CA,United States,
ACC000113,CoreTech Assembly Co. 5,,,,IL,,
ACC000114,Highpoint Industrial Ltd 5,Engineering,+1-313-113-791,Houston,TX,United States,
ACC000115,Streamline Parts & Components 5,,,,AZ,,
ACC000116,Keystone Manufacturing Alliance 5,Utilities,+1-315-115-805,Philadelphia,PA,United States,
ACC000117,Pacific Fabrication Systems 5,,,,TX,,
ACC000118,Pinnacle Parts Group 5,Healthcare,+1-317-117-819,San Diego,CA,United States,
ACC000119,Centennial Industrial Co. 5,,,,TX,,
ACC000120,Northgate Manufacturing Inc. 5,Wholesale,+1-319-119-833,San Jose,CA,United States,
ACC000121,Lakeside Engineering Works 5,,,,IL,,
ACC000122,Thornton Components Group 5,Industrial,+1-321-121-847,Houston,TX,United States,
ACC000123,Broadfield Production Inc. 5,,,,AZ,,
ACC000124,Sterling Assembly Systems 5,Engineering,+1-323-123-861,Philadelphia,PA,United States,
ACC000125,Clearwater Industrial Corp. 5,,,,TX,,
ACC000126,Apex Industrial Systems 6,Utilities,+1-325-125-875,San Diego,CA,United States,
ACC000127,Precision Components Ltd 6,,,,TX,,
ACC000128,Granite Manufacturing Co. 6,Healthcare,+1-327-127-889,San Jose,CA,United States,
ACC000129,Ironclad Production Group 6,,,,IL,,
ACC000130,Velocity Parts & Assembly 6,Wholesale,+1-329-129-903,Houston,TX,United States,
ACC000131,Summit Engineering Works 6,,,,AZ,,
ACC000132,BlueForge Manufacturing 6,Industrial,+1-331-131-917,Philadelphia,PA,United States,
ACC000133,Strata Industrial Solutions 6,,,,TX,,
ACC000134,Crestline Fabrication Inc. 6,Engineering,+1-333-133-931,San Diego,CA,United States,
ACC000135,Meridian Parts Systems 6,,,,TX,,
ACC000136,Ridgeline Manufacturing Group 6,Utilities,+1-335-135-945,San Jose,CA,United States,
ACC000137,Cascade Production Works 6,,,,IL,,
ACC000138,CoreTech Assembly Co. 6,Healthcare,+1-337-137-959,Houston,TX,United States,
ACC000139,Highpoint Industrial Ltd 6,,,,AZ,,
ACC000140,Streamline Parts & Components 6,Wholesale,+1-339-139-973,Philadelphia,PA,United States,
ACC000141,Keystone Manufacturing Alliance 6,,,,TX,,
ACC000142,Pacific Fabrication Systems 6,Industrial,+1-341-141-987,San Diego,CA,United States,
ACC000143,Pinnacle Parts Group 6,,,,TX,,
ACC000144,Centennial Industrial Co. 6,Engineering,+1-343-143-001,San Jose,CA,United States,
ACC000145,Northgate Manufacturing Inc. 6,,,,IL,,
ACC000146,Lakeside Engineering Works 6,Utilities,+1-345-145-015,Houston,TX,United States,
ACC000147,Thornton Components Group 6,,,,AZ,,
ACC000148,Broadfield Production Inc. 6,Healthcare,+1-347-147-029,Philadelphia,PA,United States,
ACC000149,Sterling Assembly Systems 6,,,,TX,,
ACC000150,Clearwater Industrial Corp. 6,Wholesale,+1-349-149-043,San Diego,CA,United States,
ACC000151,Apex Industrial Systems 7,,,,TX,,
ACC000152,Precision Components Ltd 7,Industrial,+1-351-151-057,San Jose,CA,United States,
ACC000153,Granite Manufacturing Co. 7,,,,IL,,
ACC000154,Ironclad Production Group 7,Engineering,+1-353-153-071,Houston,TX,United States,
ACC000155,Velocity Parts & Assembly 7,,,,AZ,,
ACC000156,Summit Engineering Works 7,Utilities,+1-355-155-085,Philadelphia,PA,United States,
ACC000157,BlueForge Manufacturing 7,,,,TX,,
ACC000158,Strata Industrial Solutions 7,Healthcare,+1-357-157-099,San Diego,CA,United States,
ACC000159,Crestline Fabrication Inc. 7,,,,TX,,
ACC000160,Meridian Parts Systems 7,Wholesale,+1-359-159-113,San Jose,CA,United States,
ACC000161,Ridgeline Manufacturing Group 7,,,,IL,,
ACC000162,Cascade Production Works 7,Industrial,+1-361-161-127,Houston,TX,United States,
ACC000163,CoreTech Assembly Co. 7,,,,AZ,,
ACC000164,Highpoint Industrial Ltd 7,Engineering,+1-363-163-141,Philadelphia,PA,United States,
ACC000165,Streamline Parts & Components 7,,,,TX,,
ACC000166,Keystone Manufacturing Alliance 7,Utilities,+1-365-165-155,San Diego,CA,United States,
ACC000167,Pacific Fabrication Systems 7,,,,TX,,
ACC000168,Pinnacle Parts Group 7,Healthcare,+1-367-167-169,San Jose,CA,United States,
ACC000169,Centennial Industrial Co. 7,,,,IL,,
ACC000170,Northgate Manufacturing Inc. 7,Wholesale,+1-369-169-183,Houston,TX,United States,
ACC000171,Lakeside Engineering Works 7,,,,AZ,,
ACC000172,Thornton Components Group 7,Industrial,+1-371-171-197,Philadelphia,PA,United States,
ACC000173,Broadfield Production Inc. 7,,,,TX,,
ACC000174,Sterling Assembly Systems 7,Engineering,+1-373-173-211,San Diego,CA,United States,
ACC000175,Clearwater Industrial Corp. 7,,,,TX,,
ACC000176,Apex Industrial Systems 8,Utilities,+1-375-175-225,San Jose,CA,United States,
ACC000177,Precision Components Ltd 8,,,,IL,,
ACC000178,Granite Manufacturing Co. 8,Healthcare,+1-377-177-239,Houston,TX,United States,
ACC000179,Ironclad Production Group 8,,,,AZ,,
ACC000180,Velocity Parts & Assembly 8,Wholesale,+1-379-179-253,Philadelphia,PA,United States,
ACC000181,Summit Engineering Works 8,,,,TX,,
ACC000182,BlueForge Manufacturing 8,Industrial,+1-381-181-267,San Diego,CA,United States,
ACC000183,Strata Industrial Solutions 8,,,,TX,,
ACC000184,Crestline Fabrication Inc. 8,Engineering,+1-383-183-281,San Jose,CA,United States,
ACC000185,Meridian Parts Systems 8,,,,IL,,
ACC000186,Ridgeline Manufacturing Group 8,Utilities,+1-385-185-295,Houston,TX,United States,
ACC000187,Cascade Production Works 8,,,,AZ,,
ACC000188,CoreTech Assembly Co. 8,Healthcare,+1-387-187-309,Philadelphia,PA,United States,
ACC000189,Highpoint Industrial Ltd 8,,,,TX,,
ACC000190,Streamline Parts & Components 8,Wholesale,+1-389-189-323,San Diego,CA,United States,
ACC000191,Keystone Manufacturing Alliance 8,,,,TX,,
ACC000192,Pacific Fabrication Systems 8,Industrial,+1-391-191-337,San Jose,CA,United States,
ACC000193,Pinnacle Parts Group 8,,,,IL,,
ACC000194,Centennial Industrial Co. 8,Engineering,+1-393-193-351,Houston,TX,United States,
ACC000195,Northgate Manufacturing Inc. 8,,,,AZ,,
ACC000196,Lakeside Engineering Works 8,Utilities,+1-395-195-365,Philadelphia,PA,United States,
ACC000197,Thornton Components Group 8,,,,TX,,
ACC000198,Broadfield Production Inc. 8,Healthcare,+1-397-197-379,San Diego,CA,United States,
ACC000199,Sterling Assembly Systems 8,,,,TX,,
ACC000200,Clearwater Industrial Corp. 8,Wholesale,+1-399-199-393,San Jose,CA,United States,
ACC000201,Apex Industrial Systems 9,,,,IL,,
ACC000202,Precision Components Ltd 9,Industrial,+1-401-201-407,Houston,TX,United States,
ACC000203,Granite Manufacturing Co. 9,,,,AZ,,
ACC000204,Ironclad Production Group 9,Engineering,+1-403-203-421,Philadelphia,PA,United States,
ACC000205,Velocity Parts & Assembly 9,,,,TX,,
ACC000206,Summit Engineering Works 9,Utilities,+1-405-205-435,San Diego,CA,United States,
ACC000207,BlueForge Manufacturing 9,,,,TX,,
ACC000208,Strata Industrial Solutions 9,Healthcare,+1-407-207-449,San Jose,CA,United States,
ACC000209,Crestline Fabrication Inc. 9,,,,IL,,
ACC000210,Meridian Parts Systems 9,Wholesale,+1-409-209-463,Houston,TX,United States,
ACC000211,Ridgeline Manufacturing Group 9,,,,AZ,,
ACC000212,Cascade Production Works 9,Industrial,+1-411-211-477,Philadelphia,PA,United States,
ACC000213,CoreTech Assembly Co. 9,,,,TX,,
ACC000214,Highpoint Industrial Ltd 9,Engineering,+1-413-213-491,San Diego,CA,United States,
ACC000215,Streamline Parts & Components 9,,,,TX,,
ACC000216,Keystone Manufacturing Alliance 9,Utilities,+1-415-215-505,San Jose,CA,United States,
ACC000217,Pacific Fabrication Systems 9,,,,IL,,
ACC000218,Pinnacle Parts Group 9,Healthcare,+1-417-217-519,Houston,TX,United States,
ACC000219,Centennial Industrial Co. 9,,,,AZ,,
ACC000220,Northgate Manufacturing Inc. 9,Wholesale,+1-419-219-533,Philadelphia,PA,United States,
ACC000221,Lakeside Engineering Works 9,,,,TX,,
ACC000222,Thornton Components Group 9,Industrial,+1-421-221-547,San Diego,CA,United States,
ACC000223,Broadfield Production Inc. 9,,,,TX,,
ACC000224,Sterling Assembly Systems 9,Engineering,+1-423-223-561,San Jose,CA,United States,
ACC000225,Clearwater Industrial Corp. 9,,,,IL,,
ACC000226,Apex Industrial Systems 10,Utilities,+1-425-225-575,Houston,TX,United States,
ACC000227,Precision Components Ltd 10,,,,AZ,,
ACC000228,Granite Manufacturing Co. 10,Healthcare,+1-427-227-589,Philadelphia,PA,United States,
ACC000229,Ironclad Production Group 10,,,,TX,,
ACC000230,Velocity Parts & Assembly 10,Wholesale,+1-429-229-603,San Diego,CA,United States,
ACC000231,Summit Engineering Works 10,,,,TX,,
ACC000232,BlueForge Manufacturing 10,Industrial,+1-431-231-617,San Jose,CA,United States,
ACC000233,Strata Industrial Solutions 10,,,,IL,,
ACC000234,Crestline Fabrication Inc. 10,Engineering,+1-433-233-631,Houston,TX,United States,
ACC000235,Meridian Parts Systems 10,,,,AZ,,
ACC000236,Ridgeline Manufacturing Group 10,Utilities,+1-435-235-645,Philadelphia,PA,United States,
ACC000237,Cascade Production Works 10,,,,TX,,
ACC000238,CoreTech Assembly Co. 10,Healthcare,+1-437-237-659,San Diego,CA,United States,
ACC000239,Highpoint Industrial Ltd 10,,,,TX,,
ACC000240,Streamline Parts & Components 10,Wholesale,+1-439-239-673,San Jose,CA,United States,
ACC000241,Keystone Manufacturing Alliance 10,,,,IL,,
ACC000242,Pacific Fabrication Systems 10,Industrial,+1-441-241-687,Houston,TX,United States,
ACC000243,Pinnacle Parts Group 10,,,,AZ,,
ACC000244,Centennial Industrial Co. 10,Engineering,+1-443-243-701,Philadelphia,PA,United States,
ACC000245,Northgate Manufacturing Inc. 10,,,,TX,,
ACC000246,Lakeside Engineering Works 10,Utilities,+1-445-245-715,San Diego,CA,United States,
ACC000247,Thornton Components Group 10,,,,TX,,
ACC000248,Broadfield Production Inc. 10,Healthcare,+1-447-247-729,San Jose,CA,United States,
ACC000249,Sterling Assembly Systems 10,,,,IL,,
ACC000250,Clearwater Industrial Corp. 10,Wholesale,+1-449-249-743,Houston,TX,United States,
ACC000251,Apex Industrial Systems 11,,,,AZ,,
ACC000252,Precision Components Ltd 11,Industrial,+1-451-251-757,Philadelphia,PA,United States,
ACC000253,Granite Manufacturing Co. 11,,,,TX,,
ACC000254,Ironclad Production Group 11,Engineering,+1-453-253-771,San Diego,CA,United States,
ACC000255,Velocity Parts & Assembly 11,,,,TX,,
ACC000256,Summit Engineering Works 11,Utilities,+1-455-255-785,San Jose,CA,United States,
ACC000257,BlueForge Manufacturing 11,,,,IL,,
ACC000258,Strata Industrial Solutions 11,Healthcare,+1-457-257-799,Houston,TX,United States,
ACC000259,Crestline Fabrication Inc. 11,,,,AZ,,
ACC000260,Meridian Parts Systems 11,Wholesale,+1-459-259-813,Philadelphia,PA,United States,
ACC000261,Ridgeline Manufacturing Group 11,,,,TX,,
ACC000262,Cascade Production Works 11,Industrial,+1-461-261-827,San Diego,CA,United States,
ACC000263,CoreTech Assembly Co. 11,,,,TX,,
ACC000264,Highpoint Industrial Ltd 11,Engineering,+1-463-263-841,San Jose,CA,United States,
ACC000265,Streamline Parts & Components 11,,,,IL,,
ACC000266,Keystone Manufacturing Alliance 11,Utilities,+1-465-265-855,Houston,TX,United States,
ACC000267,Pacific Fabrication Systems 11,,,,AZ,,
ACC000268,Pinnacle Parts Group 11,Healthcare,+1-467-267-869,Philadelphia,PA,United States,
ACC000269,Centennial Industrial Co. 11,,,,TX,,
ACC000270,Northgate Manufacturing Inc. 11,Wholesale,+1-469-269-883,San Diego,CA,United States,
ACC000271,Lakeside Engineering Works 11,,,,TX,,
ACC000272,Thornton Components Group 11,Industrial,+1-471-271-897,San Jose,CA,United States,
ACC000273,Broadfield Production Inc. 11,,,,IL,,
ACC000274,Sterling Assembly Systems 11,Engineering,+1-473-273-911,Houston,TX,United States,
ACC000275,Clearwater Industrial Corp. 11,,,,AZ,,
ACC000276,Apex Industrial Systems 12,Utilities,+1-475-275-925,Philadelphia,PA,United States,
ACC000277,Precision Components Ltd 12,,,,TX,,
ACC000278,Granite Manufacturing Co. 12,Healthcare,+1-477-277-939,San Diego,CA,United States,
ACC000279,Ironclad Production Group 12,,,,TX,,
ACC000280,Velocity Parts & Assembly 12,Wholesale,+1-479-279-953,San Jose,CA,United States,
ACC000281,Summit Engineering Works 12,,,,IL,,
ACC000282,BlueForge Manufacturing 12,Industrial,+1-481-281-967,Houston,TX,United States,
ACC000283,Strata Industrial Solutions 12,,,,AZ,,
ACC000284,Crestline Fabrication Inc. 12,Engineering,+1-483-283-981,Philadelphia,PA,United States,
ACC000285,Meridian Parts Systems 12,,,,TX,,
ACC000286,Ridgeline Manufacturing Group 12,Utilities,+1-485-285-995,San Diego,CA,United States,
ACC000287,Cascade Production Works 12,,,,TX,,
ACC000288,CoreTech Assembly Co. 12,Healthcare,+1-487-287-009,San Jose,CA,United States,
ACC000289,Highpoint Industrial Ltd 12,,,,IL,,
ACC000290,Streamline Parts & Components 12,Wholesale,+1-489-289-023,Houston,TX,United States,
ACC000291,Keystone Manufacturing Alliance 12,,,,AZ,,
ACC000292,Pacific Fabrication Systems 12,Industrial,+1-491-291-037,Philadelphia,PA,United States,
ACC000293,Pinnacle Parts Group 12,,,,TX,,
ACC000294,Centennial Industrial Co. 12,Engineering,+1-493-293-051,San Diego,CA,United States,
ACC000295,Northgate Manufacturing Inc. 12,,,,TX,,
ACC000296,Lakeside Engineering Works 12,Utilities,+1-495-295-065,San Jose,CA,United States,
ACC000297,Thornton Components Group 12,,,,IL,,
ACC000298,Broadfield Production Inc. 12,Healthcare,+1-497-297-079,Houston,TX,United States,
ACC000299,Sterling Assembly Systems 12,,,,AZ,,
ACC000300,Clearwater Industrial Corp. 12,Wholesale,+1-499-299-093,Philadelphia,PA,United States,
ACC000301,Apex Industrial Systems 13,,,,TX,,
ACC000302,Precision Components Ltd 13,Industrial,+1-501-301-107,San Diego,CA,United States,
ACC000303,Granite Manufacturing Co. 13,,,,TX,,
ACC000304,Ironclad Production Group 13,Engineering,+1-503-303-121,San Jose,CA,United States,
ACC000305,Velocity Parts & Assembly 13,,,,IL,,
ACC000306,Summit Engineering Works 13,Utilities,+1-505-305-135,Houston,TX,United States,
ACC000307,BlueForge Manufacturing 13,,,,AZ,,
ACC000308,Strata Industrial Solutions 13,Healthcare,+1-507-307-149,Philadelphia,PA,United States,
ACC000309,Crestline Fabrication Inc. 13,,,,TX,,
ACC000310,Meridian Parts Systems 13,Wholesale,+1-509-309-163,San Diego,CA,United States,
ACC000311,Ridgeline Manufacturing Group 13,,,,TX,,
ACC000312,Cascade Production Works 13,Industrial,+1-511-311-177,San Jose,CA,United States,
ACC000313,CoreTech Assembly Co. 13,,,,IL,,
ACC000314,Highpoint Industrial Ltd 13,Engineering,+1-513-313-191,Houston,TX,United States,
ACC000315,Streamline Parts & Components 13,,,,AZ,,
ACC000316,Keystone Manufacturing Alliance 13,Utilities,+1-515-315-205,Philadelphia,PA,United States,
ACC000317,Pacific Fabrication Systems 13,,,,TX,,
ACC000318,Pinnacle Parts Group 13,Healthcare,+1-517-317-219,San Diego,CA,United States,
ACC000319,Centennial Industrial Co. 13,,,,TX,,
ACC000320,Northgate Manufacturing Inc. 13,Wholesale,+1-519-319-233,San Jose,CA,United States,
ACC000321,Lakeside Engineering Works 13,,,,IL,,
ACC000322,Thornton Components Group 13,Industrial,+1-521-321-247,Houston,TX,United States,
ACC000323,Broadfield Production Inc. 13,,,,AZ,,
ACC000324,Sterling Assembly Systems 13,Engineering,+1-523-323-261,Philadelphia,PA,United States,
ACC000325,Clearwater Industrial Corp. 13,,,,TX,,
ACC000326,Apex Industrial Systems 14,Utilities,+1-525-325-275,San Diego,CA,United States,
ACC000327,Precision Components Ltd 14,,,,TX,,
ACC000328,Granite Manufacturing Co. 14,Healthcare,+1-527-327-289,San Jose,CA,United States,
ACC000329,Ironclad Production Group 14,,,,IL,,
ACC000330,Velocity Parts & Assembly 14,Wholesale,+1-529-329-303,Houston,TX,United States,
ACC000331,Summit Engineering Works 14,,,,AZ,,
ACC000332,BlueForge Manufacturing 14,Industrial,+1-531-331-317,Philadelphia,PA,United States,
ACC000333,Strata Industrial Solutions 14,,,,TX,,
ACC000334,Crestline Fabrication Inc. 14,Engineering,+1-533-333-331,San Diego,CA,United States,
ACC000335,Meridian Parts Systems 14,,,,TX,,
ACC000336,Ridgeline Manufacturing Group 14,Utilities,+1-535-335-345,San Jose,CA,United States,
ACC000337,Cascade Production Works 14,,,,IL,,
ACC000338,CoreTech Assembly Co. 14,Healthcare,+1-537-337-359,Houston,TX,United States,
ACC000339,Highpoint Industrial Ltd 14,,,,AZ,,
ACC000340,Streamline Parts & Components 14,Wholesale,+1-539-339-373,Philadelphia,PA,United States,
ACC000341,Keystone Manufacturing Alliance 14,,,,TX,,
ACC000342,Pacific Fabrication Systems 14,Industrial,+1-541-341-387,San Diego,CA,United States,
ACC000343,Pinnacle Parts Group 14,,,,TX,,
ACC000344,Centennial Industrial Co. 14,Engineering,+1-543-343-401,San Jose,CA,United States,
ACC000345,Northgate Manufacturing Inc. 14,,,,IL,,
ACC000346,Lakeside Engineering Works 14,Utilities,+1-545-345-415,Houston,TX,United States,
ACC000347,Thornton Components Group 14,,,,AZ,,
ACC000348,Broadfield Production Inc. 14,Healthcare,+1-547-347-429,Philadelphia,PA,United States,
ACC000349,Sterling Assembly Systems 14,,,,TX,,
ACC000350,Clearwater Industrial Corp. 14,Wholesale,+1-549-349-443,San Diego,CA,United States,
ACC000351,Apex Industrial Systems 15,,,,TX,,
ACC000352,Precision Components Ltd 15,Industrial,+1-551-351-457,San Jose,CA,United States,
ACC000353,Granite Manufacturing Co. 15,,,,IL,,
ACC000354,Ironclad Production Group 15,Engineering,+1-553-353-471,Houston,TX,United States,
ACC000355,Velocity Parts & Assembly 15,,,,AZ,,
ACC000356,Summit Engineering Works 15,Utilities,+1-555-355-485,Philadelphia,PA,United States,
ACC000357,BlueForge Manufacturing 15,,,,TX,,
ACC000358,Strata Industrial Solutions 15,Healthcare,+1-557-357-499,San Diego,CA,United States,
ACC000359,Crestline Fabrication Inc. 15,,,,TX,,
ACC000360,Meridian Parts Systems 15,Wholesale,+1-559-359-513,San Jose,CA,United States,
ACC000361,Ridgeline Manufacturing Group 15,,,,IL,,
ACC000362,Cascade Production Works 15,Industrial,+1-561-361-527,Houston,TX,United States,
ACC000363,CoreTech Assembly Co. 15,,,,AZ,,
ACC000364,Highpoint Industrial Ltd 15,Engineering,+1-563-363-541,Philadelphia,PA,United States,
ACC000365,Streamline Parts & Components 15,,,,TX,,
ACC000366,Keystone Manufacturing Alliance 15,Utilities,+1-565-365-555,San Diego,CA,United States,
ACC000367,Pacific Fabrication Systems 15,,,,TX,,
ACC000368,Pinnacle Parts Group 15,Healthcare,+1-567-367-569,San Jose,CA,United States,
ACC000369,Centennial Industrial Co. 15,,,,IL,,
ACC000370,Northgate Manufacturing Inc. 15,Wholesale,+1-569-369-583,Houston,TX,United States,
ACC000371,Lakeside Engineering Works 15,,,,AZ,,
ACC000372,Thornton Components Group 15,Industrial,+1-571-371-597,Philadelphia,PA,United States,
ACC000373,Broadfield Production Inc. 15,,,,TX,,
ACC000374,Sterling Assembly Systems 15,Engineering,+1-573-373-611,San Diego,CA,United States,
ACC000375,Clearwater Industrial Corp. 15,,,,TX,,
ACC000376,Apex Industrial Systems 16,Utilities,+1-575-375-625,San Jose,CA,United States,
ACC000377,Precision Components Ltd 16,,,,IL,,
ACC000378,Granite Manufacturing Co. 16,Healthcare,+1-577-377-639,Houston,TX,United States,
ACC000379,Ironclad Production Group 16,,,,AZ,,
ACC000380,Velocity Parts & Assembly 16,Wholesale,+1-579-379-653,Philadelphia,PA,United States,
ACC000381,Summit Engineering Works 16,,,,TX,,
ACC000382,BlueForge Manufacturing 16,Industrial,+1-581-381-667,San Diego,CA,United States,
ACC000383,Strata Industrial Solutions 16,,,,TX,,
ACC000384,Crestline Fabrication Inc. 16,Engineering,+1-583-383-681,San Jose,CA,United States,
ACC000385,Meridian Parts Systems 16,,,,IL,,
ACC000386,Ridgeline Manufacturing Group 16,Utilities,+1-585-385-695,Houston,TX,United States,
ACC000387,Cascade Production Works 16,,,,AZ,,
ACC000388,CoreTech Assembly Co. 16,Healthcare,+1-587-387-709,Philadelphia,PA,United States,
ACC000389,Highpoint Industrial Ltd 16,,,,TX,,
ACC000390,Streamline Parts & Components 16,Wholesale,+1-589-389-723,San Diego,CA,United States,
ACC000391,Keystone Manufacturing Alliance 16,,,,TX,,
ACC000392,Pacific Fabrication Systems 16,Industrial,+1-591-391-737,San Jose,CA,United States,
ACC000393,Pinnacle Parts Group 16,,,,IL,,
ACC000394,Centennial Industrial Co. 16,Engineering,+1-593-393-751,Houston,TX,United States,
ACC000395,Northgate Manufacturing Inc. 16,,,,AZ,,
ACC000396,Lakeside Engineering Works 16,Utilities,+1-595-395-765,Philadelphia,PA,United States,
ACC000397,Thornton Components Group 16,,,,TX,,
ACC000398,Broadfield Production Inc. 16,Healthcare,+1-597-397-779,San Diego,CA,United States,
ACC000399,Sterling Assembly Systems 16,,,,TX,,
ACC000400,Clearwater Industrial Corp. 16,Wholesale,+1-599-399-793,San Jose,CA,United States,
ACC000401,Apex Industrial Systems 17,,,,IL,,
ACC000402,Precision Components Ltd 17,Industrial,+1-601-401-807,Houston,TX,United States,
ACC000403,Granite Manufacturing Co. 17,,,,AZ,,
ACC000404,Ironclad Production Group 17,Engineering,+1-603-403-821,Philadelphia,PA,United States,
ACC000405,Velocity Parts & Assembly 17,,,,TX,,
ACC000406,Summit Engineering Works 17,Utilities,+1-605-405-835,San Diego,CA,United States,
ACC000407,BlueForge Manufacturing 17,,,,TX,,
ACC000408,Strata Industrial Solutions 17,Healthcare,+1-607-407-849,San Jose,CA,United States,
ACC000409,Crestline Fabrication Inc. 17,,,,IL,,
ACC000410,Meridian Parts Systems 17,Wholesale,+1-609-409-863,Houston,TX,United States,
ACC000411,Ridgeline Manufacturing Group 17,,,,AZ,,
ACC000412,Cascade Production Works 17,Industrial,+1-611-411-877,Philadelphia,PA,United States,
ACC000413,CoreTech Assembly Co. 17,,,,TX,,
ACC000414,Highpoint Industrial Ltd 17,Engineering,+1-613-413-891,San Diego,CA,United States,
ACC000415,Streamline Parts & Components 17,,,,TX,,
ACC000416,Keystone Manufacturing Alliance 17,Utilities,+1-615-415-905,San Jose,CA,United States,
ACC000417,Pacific Fabrication Systems 17,,,,IL,,
ACC000418,Pinnacle Parts Group 17,Healthcare,+1-617-417-919,Houston,TX,United States,
ACC000419,Centennial Industrial Co. 17,,,,AZ,,
ACC000420,Northgate Manufacturing Inc. 17,Wholesale,+1-619-419-933,Philadelphia,PA,United States,
ACC000421,Lakeside Engineering Works 17,,,,TX,,
ACC000422,Thornton Components Group 17,Industrial,+1-621-421-947,San Diego,CA,United States,
ACC000423,Broadfield Production Inc. 17,,,,TX,,
ACC000424,Sterling Assembly Systems 17,Engineering,+1-623-423-961,San Jose,CA,United States,
ACC000425,Clearwater Industrial Corp. 17,,,,IL,,
ACC000426,Apex Industrial Systems 18,Utilities,+1-625-425-975,Houston,TX,United States,
ACC000427,Precision Components Ltd 18,,,,AZ,,
ACC000428,Granite Manufacturing Co. 18,Healthcare,+1-627-427-989,Philadelphia,PA,United States,
ACC000429,Ironclad Production Group 18,,,,TX,,
ACC000430,Velocity Parts & Assembly 18,Wholesale,+1-629-429-003,San Diego,CA,United States,
ACC000431,Summit Engineering Works 18,,,,TX,,
ACC000432,BlueForge Manufacturing 18,Industrial,+1-631-431-017,San Jose,CA,United States,
ACC000433,Strata Industrial Solutions 18,,,,IL,,
ACC000434,Crestline Fabrication Inc. 18,Engineering,+1-633-433-031,Houston,TX,United States,
ACC000435,Meridian Parts Systems 18,,,,AZ,,
ACC000436,Ridgeline Manufacturing Group 18,Utilities,+1-635-435-045,Philadelphia,PA,United States,
ACC000437,Cascade Production Works 18,,,,TX,,
ACC000438,CoreTech Assembly Co. 18,Healthcare,+1-637-437-059,San Diego,CA,United States,
ACC000439,Highpoint Industrial Ltd 18,,,,TX,,
ACC000440,Streamline Parts & Components 18,Wholesale,+1-639-439-073,San Jose,CA,United States,
ACC000441,Keystone Manufacturing Alliance 18,,,,IL,,
ACC000442,Pacific Fabrication Systems 18,Industrial,+1-641-441-087,Houston,TX,United States,
ACC000443,Pinnacle Parts Group 18,,,,AZ,,
ACC000444,Centennial Industrial Co. 18,Engineering,+1-643-443-101,Philadelphia,PA,United States,
ACC000445,Northgate Manufacturing Inc. 18,,,,TX,,
ACC000446,Lakeside Engineering Works 18,Utilities,+1-645-445-115,San Diego,CA,United States,
ACC000447,Thornton Components Group 18,,,,TX,,
ACC000448,Broadfield Production Inc. 18,Healthcare,+1-647-447-129,San Jose,CA,United States,
ACC000449,Sterling Assembly Systems 18,,,,IL,,
ACC000450,Clearwater Industrial Corp. 18,Wholesale,+1-649-449-143,Houston,TX,United States,
ACC000451,Apex Industrial Systems 19,,,,AZ,,
ACC000452,Precision Components Ltd 19,Industrial,+1-651-451-157,Philadelphia,PA,United States,
ACC000453,Granite Manufacturing Co. 19,,,,TX,,
ACC000454,Ironclad Production Group 19,Engineering,+1-653-453-171,San Diego,CA,United States,
ACC000455,Velocity Parts & Assembly 19,,,,TX,,
ACC000456,Summit Engineering Works 19,Utilities,+1-655-455-185,San Jose,CA,United States,
ACC000457,BlueForge Manufacturing 19,,,,IL,,
ACC000458,Strata Industrial Solutions 19,Healthcare,+1-657-457-199,Houston,TX,United States,
ACC000459,Crestline Fabrication Inc. 19,,,,AZ,,
ACC000460,Meridian Parts Systems 19,Wholesale,+1-659-459-213,Philadelphia,PA,United States,
ACC000461,Ridgeline Manufacturing Group 19,,,,TX,,
ACC000462,Cascade Production Works 19,Industrial,+1-661-461-227,San Diego,CA,United States,
ACC000463,CoreTech Assembly Co. 19,,,,TX,,
ACC000464,Highpoint Industrial Ltd 19,Engineering,+1-663-463-241,San Jose,CA,United States,
ACC000465,Streamline Parts & Components 19,,,,IL,,
ACC000466,Keystone Manufacturing Alliance 19,Utilities,+1-665-465-255,Houston,TX,United States,
ACC000467,Pacific Fabrication Systems 19,,,,AZ,,
ACC000468,Pinnacle Parts Group 19,Healthcare,+1-667-467-269,Philadelphia,PA,United States,
ACC000469,Centennial Industrial Co. 19,,,,TX,,
ACC000470,Northgate Manufacturing Inc. 19,Wholesale,+1-669-469-283,San Diego,CA,United States,
ACC000471,Lakeside Engineering Works 19,,,,TX,,
ACC000472,Thornton Components Group 19,Industrial,+1-671-471-297,San Jose,CA,United States,
ACC000473,Broadfield Production Inc. 19,,,,IL,,
ACC000474,Sterling Assembly Systems 19,Engineering,+1-673-473-311,Houston,TX,United States,
ACC000475,Clearwater Industrial Corp. 19,,,,AZ,,
ACC000476,Apex Industrial Systems 20,Utilities,+1-675-475-325,Philadelphia,PA,United States,
ACC000477,Precision Components Ltd 20,,,,TX,,
ACC000478,Granite Manufacturing Co. 20,Healthcare,+1-677-477-339,San Diego,CA,United States,
ACC000479,Ironclad Production Group 20,,,,TX,,
ACC000480,Velocity Parts & Assembly 20,Wholesale,+1-679-479-353,San Jose,CA,United States,
ACC000481,Summit Engineering Works 20,,,,IL,,
ACC000482,BlueForge Manufacturing 20,Industrial,+1-681-481-367,Houston,TX,United States,
ACC000483,Strata Industrial Solutions 20,,,,AZ,,
ACC000484,Crestline Fabrication Inc. 20,Engineering,+1-683-483-381,Philadelphia,PA,United States,
ACC000485,Meridian Parts Systems 20,,,,TX,,
ACC000486,Ridgeline Manufacturing Group 20,Utilities,+1-685-485-395,San Diego,CA,United States,
ACC000487,Cascade Production Works 20,,,,TX,,
ACC000488,CoreTech Assembly Co. 20,Healthcare,+1-687-487-409,San Jose,CA,United States,
ACC000489,Highpoint Industrial Ltd 20,,,,IL,,
ACC000490,Streamline Parts & Components 20,Wholesale,+1-689-489-423,Houston,TX,United States,
ACC000491,Keystone Manufacturing Alliance 20,,,,AZ,,
ACC000492,Pacific Fabrication Systems 20,Industrial,+1-691-491-437,Philadelphia,PA,United States,
ACC000493,Pinnacle Parts Group 20,,,,TX,,
ACC000494,Centennial Industrial Co. 20,Engineering,+1-693-493-451,San Diego,CA,United States,
ACC000495,Northgate Manufacturing Inc. 20,,,,TX,,
ACC000496,Lakeside Engineering Works 20,Utilities,+1-695-495-465,San Jose,CA,United States,
ACC000497,Thornton Components Group 20,,,,IL,,
ACC000498,Broadfield Production Inc. 20,Healthcare,+1-697-497-479,Houston,TX,United States,
ACC000499,Sterling Assembly Systems 20,,,,AZ,,
ACC000500,Clearwater Industrial Corp. 20,Wholesale,+1-699-499-493,Philadelphia,PA,United States,