ExternalId,Subject,Status,ActivityDate,Description
TASK000001,Follow up on order status,Completed,2026-06-21,
TASK000002,Product demo scheduled,Not Started,2026-06-21,
TASK000003,Send quote revision,In Progress,2026-06-21,
TASK000004,Contract review meeting,Completed,2026-06-21,
TASK000005,Technical spec call,Not Started,2026-06-21,
TASK000006,Delivery confirmation,In Progress,2026-06-21,
TASK000007,Invoice dispute follow-up,Completed,2026-06-21,
TASK000008,Warranty claim initiated,Not Started,2026-06-21,
TASK000009,Installation support scheduled,In Progress,2026-06-21,
TASK000010,Quarterly business review,Completed,2026-06-21,
TASK000011,Return processing started,Not Started,2026-06-21,
TASK000012,Credit memo issued,In Progress,2026-06-21,
TASK000013,Backorder notification sent,Completed,2026-06-21,
TASK000014,Custom order specification,Not Started,2026-06-21,
TASK000015,Compliance documentation sent,In Progress,2026-06-21,
TASK000016,Pipeline review completed,Completed,2026-06-21,
TASK000017,Product spec clarification,Not Started,2026-06-21,
TASK000018,Account renewal discussion,In Progress,2026-06-20,
TASK000019,Shipping damage claim filed,Completed,2026-06-20,
TASK000020,New lead qualification call,Not Started,2026-06-20,
TASK000021,Follow up on order status,In Progress,2026-06-20,
TASK000022,Product demo scheduled,Completed,2026-06-20,
TASK000023,Send quote revision,Not Started,2026-06-20,
TASK000024,Contract review meeting,In Progress,2026-06-20,
TASK000025,Technical spec call,Completed,2026-06-20,
TASK000026,Delivery confirmation,Not Started,2026-06-20,
TASK000027,Invoice dispute follow-up,In Progress,2026-06-20,
TASK000028,Warranty claim initiated,Completed,2026-06-20,
TASK000029,Installation support scheduled,Not Started,2026-06-20,
TASK000030,Quarterly business review,In Progress,2026-06-20,
TASK000031,Return processing started,Completed,2026-06-20,
TASK000032,Credit memo issued,Not Started,2026-06-20,
TASK000033,Backorder notification sent,In Progress,2026-06-20,
TASK000034,Custom order specification,Completed,2026-06-20,
TASK000035,Compliance documentation sent,Not Started,2026-06-19,
TASK000036,Pipeline review completed,In Progress,2026-06-19,
TASK000037,Product spec clarification,Completed,2026-06-19,
TASK000038,Account renewal discussion,Not Started,2026-06-19,
TASK000039,Shipping damage claim filed,In Progress,2026-06-19,
TASK000040,New lead qualification call,Completed,2026-06-19,
TASK000041,Follow up on order status,Not Started,2026-06-19,
TASK000042,Product demo scheduled,In Progress,2026-06-19,
TASK000043,Send quote revision,Completed,2026-06-19,
TASK000044,Contract review meeting,Not Started,2026-06-19,
TASK000045,Technical spec call,In Progress,2026-06-19,
TASK000046,Delivery confirmation,Completed,2026-06-19,
TASK000047,Invoice dispute follow-up,Not Started,2026-06-19,
TASK000048,Warranty claim initiated,In Progress,2026-06-19,
TASK000049,Installation support scheduled,Completed,2026-06-19,
TASK000050,Quarterly business review,Not Started,2026-06-19,
TASK000051,Return processing started,In Progress,2026-06-19,
TASK000052,Credit memo issued,Completed,2026-06-18,
TASK000053,Backorder notification sent,Not Started,2026-06-18,
TASK000054,Custom order specification,In Progress,2026-06-18,
TASK000055,Compliance documentation sent,Completed,2026-06-18,
TASK000056,Pipeline review completed,Not Started,2026-06-18,
TASK000057,Product spec clarification,In Progress,2026-06-18,
TASK000058,Account renewal discussion,Completed,2026-06-18,
TASK000059,Shipping damage claim filed,Not Started,2026-06-18,
TASK000060,New lead qualification call,In Progress,2026-06-18,
TASK000061,Follow up on order status,Completed,2026-06-18,
TASK000062,Product demo scheduled,Not Started,2026-06-18,
TASK000063,Send quote revision,In Progress,2026-06-18,
TASK000064,Contract review meeting,Completed,2026-06-18,
TASK000065,Technical spec call,Not Started,2026-06-18,
TASK000066,Delivery confirmation,In Progress,2026-06-18,
TASK000067,Invoice dispute follow-up,Completed,2026-06-18,
TASK000068,Warranty claim initiated,Not Started,2026-06-18,
TASK000069,Installation support scheduled,In Progress,2026-06-17,
TASK000070,Quarterly business review,Completed,2026-06-17,
TASK000071,Return processing started,Not Started,2026-06-17,
TASK000072,Credit memo issued,In Progress,2026-06-17,
TASK000073,Backorder notification sent,Completed,2026-06-17,
TASK000074,Custom order specification,Not Started,2026-06-17,
TASK000075,Compliance documentation sent,In Progress,2026-06-17,
TASK000076,Pipeline review completed,Completed,2026-06-17,
TASK000077,Product spec clarification,Not Started,2026-06-17,
TASK000078,Account renewal discussion,In Progress,2026-06-17,
TASK000079,Shipping damage claim filed,Completed,2026-06-17,
TASK000080,New lead qualification call,Not Started,2026-06-17,
TASK000081,Follow up on order status,In Progress,2026-06-17,
TASK000082,Product demo scheduled,Completed,2026-06-17,
TASK000083,Send quote revision,Not Started,2026-06-17,
TASK000084,Contract review meeting,In Progress,2026-06-17,
TASK000085,Technical spec call,Completed,2026-06-17,
TASK000086,Delivery confirmation,Not Started,2026-06-16,
TASK000087,Invoice dispute follow-up,In Progress,2026-06-16,
TASK000088,Warranty claim initiated,Completed,2026-06-16,
TASK000089,Installation support scheduled,Not Started,2026-06-16,
TASK000090,Quarterly business review,In Progress,2026-06-16,
TASK000091,Return processing started,Completed,2026-06-16,
TASK000092,Credit memo issued,Not Started,2026-06-16,
TASK000093,Backorder notification sent,In Progress,2026-06-16,
TASK000094,Custom order specification,Completed,2026-06-16,
TASK000095,Compliance documentation sent,Not Started,2026-06-16,
TASK000096,Pipeline review completed,In Progress,2026-06-16,
TASK000097,Product spec clarification,Completed,2026-06-16,
TASK000098,Account renewal discussion,Not Started,2026-06-16,
TASK000099,Shipping damage claim filed,In Progress,2026-06-16,
TASK000100,New lead qualification call,Completed,2026-06-16,
TASK000101,Follow up on order status,Not Started,2026-06-16,
TASK000102,Product demo scheduled,In Progress,2026-06-16,
TASK000103,Send quote revision,Completed,2026-06-15,
TASK000104,Contract review meeting,Not Started,2026-06-15,
TASK000105,Technical spec call,In Progress,2026-06-15,
TASK000106,Delivery confirmation,Completed,2026-06-15,
TASK000107,Invoice dispute follow-up,Not Started,2026-06-15,
TASK000108,Warranty claim initiated,In Progress,2026-06-15,
TASK000109,Installation support scheduled,Completed,2026-06-15,
TASK000110,Quarterly business review,Not Started,2026-06-15,
TASK000111,Return processing started,In Progress,2026-06-15,
TASK000112,Credit memo issued,Completed,2026-06-15,
TASK000113,Backorder notification sent,Not Started,2026-06-15,
TASK000114,Custom order specification,In Progress,2026-06-15,
TASK000115,Compliance documentation sent,Completed,2026-06-15,
TASK000116,Pipeline review completed,Not Started,2026-06-15,
TASK000117,Product spec clarification,In Progress,2026-06-15,
TASK000118,Account renewal discussion,Completed,2026-06-15,
TASK000119,Shipping damage claim filed,Not Started,2026-06-14,
TASK000120,New lead qualification call,In Progress,2026-06-14,
TASK000121,Follow up on order status,Completed,2026-06-14,
TASK000122,Product demo scheduled,Not Started,2026-06-14,
TASK000123,Send quote revision,In Progress,2026-06-14,
TASK000124,Contract review meeting,Completed,2026-06-14,
TASK000125,Technical spec call,Not Started,2026-06-14,
TASK000126,Delivery confirmation,In Progress,2026-06-14,
TASK000127,Invoice dispute follow-up,Completed,2026-06-14,
TASK000128,Warranty claim initiated,Not Started,2026-06-14,
TASK000129,Installation support scheduled,In Progress,2026-06-14,
TASK000130,Quarterly business review,Completed,2026-06-14,
TASK000131,Return processing started,Not Started,2026-06-14,
TASK000132,Credit memo issued,In Progress,2026-06-14,
TASK000133,Backorder notification sent,Completed,2026-06-14,
TASK000134,Custom order specification,Not Started,2026-06-14,
TASK000135,Compliance documentation sent,In Progress,2026-06-14,
TASK000136,Pipeline review completed,Completed,2026-06-13,
TASK000137,Product spec clarification,Not Started,2026-06-13,
TASK000138,Account renewal discussion,In Progress,2026-06-13,
TASK000139,Shipping damage claim filed,Completed,2026-06-13,
TASK000140,New lead qualification call,Not Started,2026-06-13,
TASK000141,Follow up on order status,In Progress,2026-06-13,
TASK000142,Product demo scheduled,Completed,2026-06-13,
TASK000143,Send quote revision,Not Started,2026-06-13,
TASK000144,Contract review meeting,In Progress,2026-06-13,
TASK000145,Technical spec call,Completed,2026-06-13,
TASK000146,Delivery confirmation,Not Started,2026-06-13,
TASK000147,Invoice dispute follow-up,In Progress,2026-06-13,
TASK000148,Warranty claim initiated,Completed,2026-06-13,
TASK000149,Installation support scheduled,Not Started,2026-06-13,
TASK000150,Quarterly business review,In Progress,2026-06-13,
TASK000151,Return processing started,Completed,2026-06-13,
TASK000152,Credit memo issued,Not Started,2026-06-13,
TASK000153,Backorder notification sent,In Progress,2026-06-12,
TASK000154,Custom order specification,Completed,2026-06-12,
TASK000155,Compliance documentation sent,Not Started,2026-06-12,
TASK000156,Pipeline review completed,In Progress,2026-06-12,
TASK000157,Product spec clarification,Completed,2026-06-12,
TASK000158,Account renewal discussion,Not Started,2026-06-12,
TASK000159,Shipping damage claim filed,In Progress,2026-06-12,
TASK000160,New lead qualification call,Completed,2026-06-12,
TASK000161,Follow up on order status,Not Started,2026-06-12,
TASK000162,Product demo scheduled,In Progress,2026-06-12,
TASK000163,Send quote revision,Completed,2026-06-12,
TASK000164,Contract review meeting,Not Started,2026-06-12,
TASK000165,Technical spec call,In Progress,2026-06-12,
TASK000166,Delivery confirmation,Completed,2026-06-12,
TASK000167,Invoice dispute follow-up,Not Started,2026-06-12,
TASK000168,Warranty claim initiated,In Progress,2026-06-12,
TASK000169,Installation support scheduled,Completed,2026-06-12,
TASK000170,Quarterly business review,Not Started,2026-06-11,
TASK000171,Return processing started,In Progress,2026-06-11,
TASK000172,Credit memo issued,Completed,2026-06-11,
TASK000173,Backorder notification sent,Not Started,2026-06-11,
TASK000174,Custom order specification,In Progress,2026-06-11,
TASK000175,Compliance documentation sent,Completed,2026-06-11,
TASK000176,Pipeline review completed,Not Started,2026-06-11,
TASK000177,Product spec clarification,In Progress,2026-06-11,
TASK000178,Account renewal discussion,Completed,2026-06-11,
TASK000179,Shipping damage claim filed,Not Started,2026-06-11,
TASK000180,New lead qualification call,In Progress,2026-06-11,
TASK000181,Follow up on order status,Completed,2026-06-11,
TASK000182,Product demo scheduled,Not Started,2026-06-11,
TASK000183,Send quote revision,In Progress,2026-06-11,
TASK000184,Contract review meeting,Completed,2026-06-11,
TASK000185,Technical spec call,Not Started,2026-06-11,
TASK000186,Delivery confirmation,In Progress,2026-06-11,
TASK000187,Invoice dispute follow-up,Completed,2026-06-10,
TASK000188,Warranty claim initiated,Not Started,2026-06-10,
TASK000189,Installation support scheduled,In Progress,2026-06-10,
TASK000190,Quarterly business review,Completed,2026-06-10,
TASK000191,Return processing started,Not Started,2026-06-10,
TASK000192,Credit memo issued,In Progress,2026-06-10,
TASK000193,Backorder notification sent,Completed,2026-06-10,
TASK000194,Custom order specification,Not Started,2026-06-10,
TASK000195,Compliance documentation sent,In Progress,2026-06-10,
TASK000196,Pipeline review completed,Completed,2026-06-10,
TASK000197,Product spec clarification,Not Started,2026-06-10,
TASK000198,Account renewal discussion,In Progress,2026-06-10,
TASK000199,Shipping damage claim filed,Completed,2026-06-10,
TASK000200,New lead qualification call,Not Started,2026-06-10,
TASK000201,Follow up on order status,In Progress,2026-06-10,
TASK000202,Product demo scheduled,Completed,2026-06-10,
TASK000203,Send quote revision,Not Started,2026-06-10,
TASK000204,Contract review meeting,In Progress,2026-06-09,
TASK000205,Technical spec call,Completed,2026-06-09,
TASK000206,Delivery confirmation,Not Started,2026-06-09,
TASK000207,Invoice dispute follow-up,In Progress,2026-06-09,
TASK000208,Warranty claim initiated,Completed,2026-06-09,
TASK000209,Installation support scheduled,Not Started,2026-06-09,
TASK000210,Quarterly business review,In Progress,2026-06-09,
TASK000211,Return processing started,Completed,2026-06-09,
TASK000212,Credit memo issued,Not Started,2026-06-09,
TASK000213,Backorder notification sent,In Progress,2026-06-09,
TASK000214,Custom order specification,Completed,2026-06-09,
TASK000215,Compliance documentation sent,Not Started,2026-06-09,
TASK000216,Pipeline review completed,In Progress,2026-06-09,
TASK000217,Product spec clarification,Completed,2026-06-09,
TASK000218,Account renewal discussion,Not Started,2026-06-09,
TASK000219,Shipping damage claim filed,In Progress,2026-06-09,
TASK000220,New lead qualification call,Completed,2026-06-09,
TASK000221,Follow up on order status,Not Started,2026-06-08,
TASK000222,Product demo scheduled,In Progress,2026-06-08,
TASK000223,Send quote revision,Completed,2026-06-08,
TASK000224,Contract review meeting,Not Started,2026-06-08,
TASK000225,Technical spec call,In Progress,2026-06-08,
TASK000226,Delivery confirmation,Completed,2026-06-08,
TASK000227,Invoice dispute follow-up,Not Started,2026-06-08,
TASK000228,Warranty claim initiated,In Progress,2026-06-08,
TASK000229,Installation support scheduled,Completed,2026-06-08,
TASK000230,Quarterly business review,Not Started,2026-06-08,
TASK000231,Return processing started,In Progress,2026-06-08,
TASK000232,Credit memo issued,Completed,2026-06-08,
TASK000233,Backorder notification sent,Not Started,2026-06-08,
TASK000234,Custom order specification,In Progress,2026-06-08,
TASK000235,Compliance documentation sent,Completed,2026-06-08,
TASK000236,Pipeline review completed,Not Started,2026-06-08,
TASK000237,Product spec clarification,In Progress,2026-06-07,
TASK000238,Account renewal discussion,Completed,2026-06-07,
TASK000239,Shipping damage claim filed,Not Started,2026-06-07,
TASK000240,New lead qualification call,In Progress,2026-06-07,
TASK000241,Follow up on order status,Completed,2026-06-07,
TASK000242,Product demo scheduled,Not Started,2026-06-07,
TASK000243,Send quote revision,In Progress,2026-06-07,
TASK000244,Contract review meeting,Completed,2026-06-07,
TASK000245,Technical spec call,Not Started,2026-06-07,
TASK000246,Delivery confirmation,In Progress,2026-06-07,
TASK000247,Invoice dispute follow-up,Completed,2026-06-07,
TASK000248,Warranty claim initiated,Not Started,2026-06-07,
TASK000249,Installation support scheduled,In Progress,2026-06-07,
TASK000250,Quarterly business review,Completed,2026-06-07,
TASK000251,Return processing started,Not Started,2026-06-07,
TASK000252,Credit memo issued,In Progress,2026-06-07,
TASK000253,Backorder notification sent,Completed,2026-06-07,
TASK000254,Custom order specification,Not Started,2026-06-06,
TASK000255,Compliance documentation sent,In Progress,2026-06-06,
TASK000256,Pipeline review completed,Completed,2026-06-06,
TASK000257,Product spec clarification,Not Started,2026-06-06,
TASK000258,Account renewal discussion,In Progress,2026-06-06,
TASK000259,Shipping damage claim filed,Completed,2026-06-06,
TASK000260,New lead qualification call,Not Started,2026-06-06,
TASK000261,Follow up on order status,In Progress,2026-06-06,
TASK000262,Product demo scheduled,Completed,2026-06-06,
TASK000263,Send quote revision,Not Started,2026-06-06,
TASK000264,Contract review meeting,In Progress,2026-06-06,
TASK000265,Technical spec call,Completed,2026-06-06,
TASK000266,Delivery confirmation,Not Started,2026-06-06,
TASK000267,Invoice dispute follow-up,In Progress,2026-06-06,
TASK000268,Warranty claim initiated,Completed,2026-06-06,
TASK000269,Installation support scheduled,Not Started,2026-06-06,
TASK000270,Quarterly business review,In Progress,2026-06-06,
TASK000271,Return processing started,Completed,2026-06-05,
TASK000272,Credit memo issued,Not Started,2026-06-05,
TASK000273,Backorder notification sent,In Progress,2026-06-05,
TASK000274,Custom order specification,Completed,2026-06-05,
TASK000275,Compliance documentation sent,Not Started,2026-06-05,
TASK000276,Pipeline review completed,In Progress,2026-06-05,
TASK000277,Product spec clarification,Completed,2026-06-05,
TASK000278,Account renewal discussion,Not Started,2026-06-05,
TASK000279,Shipping damage claim filed,In Progress,2026-06-05,
TASK000280,New lead qualification call,Completed,2026-06-05,
TASK000281,Follow up on order status,Not Started,2026-06-05,
TASK000282,Product demo scheduled,In Progress,2026-06-05,
TASK000283,Send quote revision,Completed,2026-06-05,
TASK000284,Contract review meeting,Not Started,2026-06-05,
TASK000285,Technical spec call,In Progress,2026-06-05,
TASK000286,Delivery confirmation,Completed,2026-06-05,
TASK000287,Invoice dispute follow-up,Not Started,2026-06-05,
TASK000288,Warranty claim initiated,In Progress,2026-06-04,
TASK000289,Installation support scheduled,Completed,2026-06-04,
TASK000290,Quarterly business review,Not Started,2026-06-04,
TASK000291,Return processing started,In Progress,2026-06-04,
TASK000292,Credit memo issued,Completed,2026-06-04,
TASK000293,Backorder notification sent,Not Started,2026-06-04,
TASK000294,Custom order specification,In Progress,2026-06-04,
TASK000295,Compliance documentation sent,Completed,2026-06-04,
TASK000296,Pipeline review completed,Not Started,2026-06-04,
TASK000297,Product spec clarification,In Progress,2026-06-04,
TASK000298,Account renewal discussion,Completed,2026-06-04,
TASK000299,Shipping damage claim filed,Not Started,2026-06-04,
TASK000300,New lead qualification call,In Progress,2026-06-04,
TASK000301,Follow up on order status,Completed,2026-06-04,
TASK000302,Product demo scheduled,Not Started,2026-06-04,
TASK000303,Send quote revision,In Progress,2026-06-04,
TASK000304,Contract review meeting,Completed,2026-06-04,
TASK000305,Technical spec call,Not Started,2026-06-03,
TASK000306,Delivery confirmation,In Progress,2026-06-03,
TASK000307,Invoice dispute follow-up,Completed,2026-06-03,
TASK000308,Warranty claim initiated,Not Started,2026-06-03,
TASK000309,Installation support scheduled,In Progress,2026-06-03,
TASK000310,Quarterly business review,Completed,2026-06-03,
TASK000311,Return processing started,Not Started,2026-06-03,
TASK000312,Credit memo issued,In Progress,2026-06-03,
TASK000313,Backorder notification sent,Completed,2026-06-03,
TASK000314,Custom order specification,Not Started,2026-06-03,
TASK000315,Compliance documentation sent,In Progress,2026-06-03,
TASK000316,Pipeline review completed,Completed,2026-06-03,
TASK000317,Product spec clarification,Not Started,2026-06-03,
TASK000318,Account renewal discussion,In Progress,2026-06-03,
TASK000319,Shipping damage claim filed,Completed,2026-06-03,
TASK000320,New lead qualification call,Not Started,2026-06-03,
TASK000321,Follow up on order status,In Progress,2026-06-03,
TASK000322,Product demo scheduled,Completed,2026-06-02,
TASK000323,Send quote revision,Not Started,2026-06-02,
TASK000324,Contract review meeting,In Progress,2026-06-02,
TASK000325,Technical spec call,Completed,2026-06-02,
TASK000326,Delivery confirmation,Not Started,2026-06-02,
TASK000327,Invoice dispute follow-up,In Progress,2026-06-02,
TASK000328,Warranty claim initiated,Completed,2026-06-02,
TASK000329,Installation support scheduled,Not Started,2026-06-02,
TASK000330,Quarterly business review,In Progress,2026-06-02,
TASK000331,Return processing started,Completed,2026-06-02,
TASK000332,Credit memo issued,Not Started,2026-06-02,
TASK000333,Backorder notification sent,In Progress,2026-06-02,
TASK000334,Custom order specification,Completed,2026-06-02,
TASK000335,Compliance documentation sent,Not Started,2026-06-02,
TASK000336,Pipeline review completed,In Progress,2026-06-02,
TASK000337,Product spec clarification,Completed,2026-06-02,
TASK000338,Account renewal discussion,Not Started,2026-06-02,
TASK000339,Shipping damage claim filed,In Progress,2026-06-01,
TASK000340,New lead qualification call,Completed,2026-06-01,
TASK000341,Follow up on order status,Not Started,2026-06-01,
TASK000342,Product demo scheduled,In Progress,2026-06-01,
TASK000343,Send quote revision,Completed,2026-06-01,
TASK000344,Contract review meeting,Not Started,2026-06-01,
TASK000345,Technical spec call,In Progress,2026-06-01,
TASK000346,Delivery confirmation,Completed,2026-06-01,
TASK000347,Invoice dispute follow-up,Not Started,2026-06-01,
TASK000348,Warranty claim initiated,In Progress,2026-06-01,
TASK000349,Installation support scheduled,Completed,2026-06-01,
TASK000350,Quarterly business review,Not Started,2026-06-01,
TASK000351,Return processing started,In Progress,2026-06-01,
TASK000352,Credit memo issued,Completed,2026-06-01,
TASK000353,Backorder notification sent,Not Started,2026-06-01,
TASK000354,Custom order specification,In Progress,2026-06-01,
TASK000355,Compliance documentation sent,Completed,2026-05-31,
TASK000356,Pipeline review completed,Not Started,2026-05-31,
TASK000357,Product spec clarification,In Progress,2026-05-31,
TASK000358,Account renewal discussion,Completed,2026-05-31,
TASK000359,Shipping damage claim filed,Not Started,2026-05-31,
TASK000360,New lead qualification call,In Progress,2026-05-31,
TASK000361,Follow up on order status,Completed,2026-05-31,
TASK000362,Product demo scheduled,Not Started,2026-05-31,
TASK000363,Send quote revision,In Progress,2026-05-31,
TASK000364,Contract review meeting,Completed,2026-05-31,
TASK000365,Technical spec call,Not Started,2026-05-31,
TASK000366,Delivery confirmation,In Progress,2026-05-31,
TASK000367,Invoice dispute follow-up,Completed,2026-05-31,
TASK000368,Warranty claim initiated,Not Started,2026-05-31,
TASK000369,Installation support scheduled,In Progress,2026-05-31,
TASK000370,Quarterly business review,Completed,2026-05-31,
TASK000371,Return processing started,Not Started,2026-05-31,
TASK000372,Credit memo issued,In Progress,2026-05-30,
TASK000373,Backorder notification sent,Completed,2026-05-30,
TASK000374,Custom order specification,Not Started,2026-05-30,
TASK000375,Compliance documentation sent,In Progress,2026-05-30,
TASK000376,Pipeline review completed,Completed,2026-05-30,
TASK000377,Product spec clarification,Not Started,2026-05-30,
TASK000378,Account renewal discussion,In Progress,2026-05-30,
TASK000379,Shipping damage claim filed,Completed,2026-05-30,
TASK000380,New lead qualification call,Not Started,2026-05-30,
TASK000381,Follow up on order status,In Progress,2026-05-30,
TASK000382,Product demo scheduled,Completed,2026-05-30,
TASK000383,Send quote revision,Not Started,2026-05-30,
TASK000384,Contract review meeting,In Progress,2026-05-30,
TASK000385,Technical spec call,Completed,2026-05-30,
TASK000386,Delivery confirmation,Not Started,2026-05-30,
TASK000387,Invoice dispute follow-up,In Progress,2026-05-30,
TASK000388,Warranty claim initiated,Completed,2026-05-30,
TASK000389,Installation support scheduled,Not Started,2026-05-29,
TASK000390,Quarterly business review,In Progress,2026-05-29,
TASK000391,Return processing started,Completed,2026-05-29,
TASK000392,Credit memo issued,Not Started,2026-05-29,
TASK000393,Backorder notification sent,In Progress,2026-05-29,
TASK000394,Custom order specification,Completed,2026-05-29,
TASK000395,Compliance documentation sent,Not Started,2026-05-29,
TASK000396,Pipeline review completed,In Progress,2026-05-29,
TASK000397,Product spec clarification,Completed,2026-05-29,
TASK000398,Account renewal discussion,Not Started,2026-05-29,
TASK000399,Shipping damage claim filed,In Progress,2026-05-29,
TASK000400,New lead qualification call,Completed,2026-05-29,
TASK000401,Follow up on order status,Not Started,2026-05-29,
TASK000402,Product demo scheduled,In Progress,2026-05-29,
TASK000403,Send quote revision,Completed,2026-05-29,
TASK000404,Contract review meeting,Not Started,2026-05-29,
TASK000405,Technical spec call,In Progress,2026-05-29,
TASK000406,Delivery confirmation,Completed,2026-05-28,
TASK000407,Invoice dispute follow-up,Not Started,2026-05-28,
TASK000408,Warranty claim initiated,In Progress,2026-05-28,
TASK000409,Installation support scheduled,Completed,2026-05-28,
TASK000410,Quarterly business review,Not Started,2026-05-28,
TASK000411,Return processing started,In Progress,2026-05-28,
TASK000412,Credit memo issued,Completed,2026-05-28,
TASK000413,Backorder notification sent,Not Started,2026-05-28,
TASK000414,Custom order specification,In Progress,2026-05-28,
TASK000415,Compliance documentation sent,Completed,2026-05-28,
TASK000416,Pipeline review completed,Not Started,2026-05-28,
TASK000417,Product spec clarification,In Progress,2026-05-28,
TASK000418,Account renewal discussion,Completed,2026-05-28,
TASK000419,Shipping damage claim filed,Not Started,2026-05-28,
TASK000420,New lead qualification call,In Progress,2026-05-28,
TASK000421,Follow up on order status,Completed,2026-05-28,
TASK000422,Product demo scheduled,Not Started,2026-05-28,
TASK000423,Send quote revision,In Progress,2026-05-27,
TASK000424,Contract review meeting,Completed,2026-05-27,
TASK000425,Technical spec call,Not Started,2026-05-27,
TASK000426,Delivery confirmation,In Progress,2026-05-27,
TASK000427,Invoice dispute follow-up,Completed,2026-05-27,
TASK000428,Warranty claim initiated,Not Started,2026-05-27,
TASK000429,Installation support scheduled,In Progress,2026-05-27,
TASK000430,Quarterly business review,Completed,2026-05-27,
TASK000431,Return processing started,Not Started,2026-05-27,
TASK000432,Credit memo issued,In Progress,2026-05-27,
TASK000433,Backorder notification sent,Completed,2026-05-27,
TASK000434,Custom order specification,Not Started,2026-05-27,
TASK000435,Compliance documentation sent,In Progress,2026-05-27,
TASK000436,Pipeline review completed,Completed,2026-05-27,
TASK000437,Product spec clarification,Not Started,2026-05-27,
TASK000438,Account renewal discussion,In Progress,2026-05-27,
TASK000439,Shipping damage claim filed,Completed,2026-05-27,
TASK000440,New lead qualification call,Not Started,2026-05-26,
TASK000441,Follow up on order status,In Progress,2026-05-26,
TASK000442,Product demo scheduled,Completed,2026-05-26,
TASK000443,Send quote revision,Not Started,2026-05-26,
TASK000444,Contract review meeting,In Progress,2026-05-26,
TASK000445,Technical spec call,Completed,2026-05-26,
TASK000446,Delivery confirmation,Not Started,2026-05-26,
TASK000447,Invoice dispute follow-up,In Progress,2026-05-26,
TASK000448,Warranty claim initiated,Completed,2026-05-26,
TASK000449,Installation support scheduled,Not Started,2026-05-26,
TASK000450,Quarterly business review,In Progress,2026-05-26,
TASK000451,Return processing started,Completed,2026-05-26,
TASK000452,Credit memo issued,Not Started,2026-05-26,
TASK000453,Backorder notification sent,In Progress,2026-05-26,
TASK000454,Custom order specification,Completed,2026-05-26,
TASK000455,Compliance documentation sent,Not Started,2026-05-26,
TASK000456,Pipeline review completed,In Progress,2026-05-26,
TASK000457,Product spec clarification,Completed,2026-05-25,
TASK000458,Account renewal discussion,Not Started,2026-05-25,
TASK000459,Shipping damage claim filed,In Progress,2026-05-25,
TASK000460,New lead qualification call,Completed,2026-05-25,
TASK000461,Follow up on order status,Not Started,2026-05-25,
TASK000462,Product demo scheduled,In Progress,2026-05-25,
TASK000463,Send quote revision,Completed,2026-05-25,
TASK000464,Contract review meeting,Not Started,2026-05-25,
TASK000465,Technical spec call,In Progress,2026-05-25,
TASK000466,Delivery confirmation,Completed,2026-05-25,
TASK000467,Invoice dispute follow-up,Not Started,2026-05-25,
TASK000468,Warranty claim initiated,In Progress,2026-05-25,
TASK000469,Installation support scheduled,Completed,2026-05-25,
TASK000470,Quarterly business review,Not Started,2026-05-25,
TASK000471,Return processing started,In Progress,2026-05-25,
TASK000472,Credit memo issued,Completed,2026-05-25,
TASK000473,Backorder notification sent,Not Started,2026-05-24,
TASK000474,Custom order specification,In Progress,2026-05-24,
TASK000475,Compliance documentation sent,Completed,2026-05-24,
TASK000476,Pipeline review completed,Not Started,2026-05-24,
TASK000477,Product spec clarification,In Progress,2026-05-24,
TASK000478,Account renewal discussion,Completed,2026-05-24,
TASK000479,Shipping damage claim filed,Not Started,2026-05-24,
TASK000480,New lead qualification call,In Progress,2026-05-24,
TASK000481,Follow up on order status,Completed,2026-05-24,
TASK000482,Product demo scheduled,Not Started,2026-05-24,
TASK000483,Send quote revision,In Progress,2026-05-24,
TASK000484,Contract review meeting,Completed,2026-05-24,
TASK000485,Technical spec call,Not Started,2026-05-24,
TASK000486,Delivery confirmation,In Progress,2026-05-24,
TASK000487,Invoice dispute follow-up,Completed,2026-05-24,
TASK000488,Warranty claim initiated,Not Started,2026-05-24,
TASK000489,Installation support scheduled,In Progress,2026-05-24,
TASK000490,Quarterly business review,Completed,2026-05-23,
TASK000491,Return processing started,Not Started,2026-05-23,
TASK000492,Credit memo issued,In Progress,2026-05-23,
TASK000493,Backorder notification sent,Completed,2026-05-23,
TASK000494,Custom order specification,Not Started,2026-05-23,
TASK000495,Compliance documentation sent,In Progress,2026-05-23,
TASK000496,Pipeline review completed,Completed,2026-05-23,
TASK000497,Product spec clarification,Not Started,2026-05-23,
TASK000498,Account renewal discussion,In Progress,2026-05-23,
TASK000499,Shipping damage claim filed,Completed,2026-05-23,
TASK000500,New lead qualification call,Not Started,2026-05-23,
TASK000501,Follow up on order status,In Progress,2026-05-23,
TASK000502,Product demo scheduled,Completed,2026-05-23,
TASK000503,Send quote revision,Not Started,2026-05-23,
TASK000504,Contract review meeting,In Progress,2026-05-23,
TASK000505,Technical spec call,Completed,2026-05-23,
TASK000506,Delivery confirmation,Not Started,2026-05-23,
TASK000507,Invoice dispute follow-up,In Progress,2026-05-22,
TASK000508,Warranty claim initiated,Completed,2026-05-22,
TASK000509,Installation support scheduled,Not Started,2026-05-22,
TASK000510,Quarterly business review,In Progress,2026-05-22,
TASK000511,Return processing started,Completed,2026-05-22,
TASK000512,Credit memo issued,Not Started,2026-05-22,
TASK000513,Backorder notification sent,In Progress,2026-05-22,
TASK000514,Custom order specification,Completed,2026-05-22,
TASK000515,Compliance documentation sent,Not Started,2026-05-22,
TASK000516,Pipeline review completed,In Progress,2026-05-22,
TASK000517,Product spec clarification,Completed,2026-05-22,
TASK000518,Account renewal discussion,Not Started,2026-05-22,
TASK000519,Shipping damage claim filed,In Progress,2026-05-22,
TASK000520,New lead qualification call,Completed,2026-05-22,
TASK000521,Follow up on order status,Not Started,2026-05-22,
TASK000522,Product demo scheduled,In Progress,2026-05-22,
TASK000523,Send quote revision,Completed,2026-05-22,
TASK000524,Contract review meeting,Not Started,2026-05-21,
TASK000525,Technical spec call,In Progress,2026-05-21,
TASK000526,Delivery confirmation,Completed,2026-05-21,
TASK000527,Invoice dispute follow-up,Not Started,2026-05-21,
TASK000528,Warranty claim initiated,In Progress,2026-05-21,
TASK000529,Installation support scheduled,Completed,2026-05-21,
TASK000530,Quarterly business review,Not Started,2026-05-21,
TASK000531,Return processing started,In Progress,2026-05-21,
TASK000532,Credit memo issued,Completed,2026-05-21,
TASK000533,Backorder notification sent,Not Started,2026-05-21,
TASK000534,Custom order specification,In Progress,2026-05-21,
TASK000535,Compliance documentation sent,Completed,2026-05-21,
TASK000536,Pipeline review completed,Not Started,2026-05-21,
TASK000537,Product spec clarification,In Progress,2026-05-21,
TASK000538,Account renewal discussion,Completed,2026-05-21,
TASK000539,Shipping damage claim filed,Not Started,2026-05-21,
TASK000540,New lead qualification call,In Progress,2026-05-21,
TASK000541,Follow up on order status,Completed,2026-05-20,
TASK000542,Product demo scheduled,Not Started,2026-05-20,
TASK000543,Send quote revision,In Progress,2026-05-20,
TASK000544,Contract review meeting,Completed,2026-05-20,
TASK000545,Technical spec call,Not Started,2026-05-20,
TASK000546,Delivery confirmation,In Progress,2026-05-20,
TASK000547,Invoice dispute follow-up,Completed,2026-05-20,
TASK000548,Warranty claim initiated,Not Started,2026-05-20,
TASK000549,Installation support scheduled,In Progress,2026-05-20,
TASK000550,Quarterly business review,Completed,2026-05-20,
TASK000551,Return processing started,Not Started,2026-05-20,
TASK000552,Credit memo issued,In Progress,2026-05-20,
TASK000553,Backorder notification sent,Completed,2026-05-20,
TASK000554,Custom order specification,Not Started,2026-05-20,
TASK000555,Compliance documentation sent,In Progress,2026-05-20,
TASK000556,Pipeline review completed,Completed,2026-05-20,
TASK000557,Product spec clarification,Not Started,2026-05-20,
TASK000558,Account renewal discussion,In Progress,2026-05-19,
TASK000559,Shipping damage claim filed,Completed,2026-05-19,
TASK000560,New lead qualification call,Not Started,2026-05-19,
TASK000561,Follow up on order status,In Progress,2026-05-19,
TASK000562,Product demo scheduled,Completed,2026-05-19,
TASK000563,Send quote revision,Not Started,2026-05-19,
TASK000564,Contract review meeting,In Progress,2026-05-19,
TASK000565,Technical spec call,Completed,2026-05-19,
TASK000566,Delivery confirmation,Not Started,2026-05-19,
TASK000567,Invoice dispute follow-up,In Progress,2026-05-19,
TASK000568,Warranty claim initiated,Completed,2026-05-19,
TASK000569,Installation support scheduled,Not Started,2026-05-19,
TASK000570,Quarterly business review,In Progress,2026-05-19,
TASK000571,Return processing started,Completed,2026-05-19,
TASK000572,Credit memo issued,Not Started,2026-05-19,
TASK000573,Backorder notification sent,In Progress,2026-05-19,
TASK000574,Custom order specification,Completed,2026-05-19,
TASK000575,Compliance documentation sent,Not Started,2026-05-18,
TASK000576,Pipeline review completed,In Progress,2026-05-18,
TASK000577,Product spec clarification,Completed,2026-05-18,
TASK000578,Account renewal discussion,Not Started,2026-05-18,
TASK000579,Shipping damage claim filed,In Progress,2026-05-18,
TASK000580,New lead qualification call,Completed,2026-05-18,
TASK000581,Follow up on order status,Not Started,2026-05-18,
TASK000582,Product demo scheduled,In Progress,2026-05-18,
TASK000583,Send quote revision,Completed,2026-05-18,
TASK000584,Contract review meeting,Not Started,2026-05-18,
TASK000585,Technical spec call,In Progress,2026-05-18,
TASK000586,Delivery confirmation,Completed,2026-05-18,
TASK000587,Invoice dispute follow-up,Not Started,2026-05-18,
TASK000588,Warranty claim initiated,In Progress,2026-05-18,
TASK000589,Installation support scheduled,Completed,2026-05-18,
TASK000590,Quarterly business review,Not Started,2026-05-18,
TASK000591,Return processing started,In Progress,2026-05-17,
TASK000592,Credit memo issued,Completed,2026-05-17,
TASK000593,Backorder notification sent,Not Started,2026-05-17,
TASK000594,Custom order specification,In Progress,2026-05-17,
TASK000595,Compliance documentation sent,Completed,2026-05-17,
TASK000596,Pipeline review completed,Not Started,2026-05-17,
TASK000597,Product spec clarification,In Progress,2026-05-17,
TASK000598,Account renewal discussion,Completed,2026-05-17,
TASK000599,Shipping damage claim filed,Not Started,2026-05-17,
TASK000600,New lead qualification call,In Progress,2026-05-17,
TASK000601,Follow up on order status,Completed,2026-05-17,
TASK000602,Product demo scheduled,Not Started,2026-05-17,
TASK000603,Send quote revision,In Progress,2026-05-17,
TASK000604,Contract review meeting,Completed,2026-05-17,
TASK000605,Technical spec call,Not Started,2026-05-17,
TASK000606,Delivery confirmation,In Progress,2026-05-17,
TASK000607,Invoice dispute follow-up,Completed,2026-05-17,
TASK000608,Warranty claim initiated,Not Started,2026-05-16,
TASK000609,Installation support scheduled,In Progress,2026-05-16,
TASK000610,Quarterly business review,Completed,2026-05-16,
TASK000611,Return processing started,Not Started,2026-05-16,
TASK000612,Credit memo issued,In Progress,2026-05-16,
TASK000613,Backorder notification sent,Completed,2026-05-16,
TASK000614,Custom order specification,Not Started,2026-05-16,
TASK000615,Compliance documentation sent,In Progress,2026-05-16,
TASK000616,Pipeline review completed,Completed,2026-05-16,
TASK000617,Product spec clarification,Not Started,2026-05-16,
TASK000618,Account renewal discussion,In Progress,2026-05-16,
TASK000619,Shipping damage claim filed,Completed,2026-05-16,
TASK000620,New lead qualification call,Not Started,2026-05-16,
TASK000621,Follow up on order status,In Progress,2026-05-16,
TASK000622,Product demo scheduled,Completed,2026-05-16,
TASK000623,Send quote revision,Not Started,2026-05-16,
TASK000624,Contract review meeting,In Progress,2026-05-16,
TASK000625,Technical spec call,Completed,2026-05-15,
TASK000626,Delivery confirmation,Not Started,2026-05-15,
TASK000627,Invoice dispute follow-up,In Progress,2026-05-15,
TASK000628,Warranty claim initiated,Completed,2026-05-15,
TASK000629,Installation support scheduled,Not Started,2026-05-15,
TASK000630,Quarterly business review,In Progress,2026-05-15,
TASK000631,Return processing started,Completed,2026-05-15,
TASK000632,Credit memo issued,Not Started,2026-05-15,
TASK000633,Backorder notification sent,In Progress,2026-05-15,
TASK000634,Custom order specification,Completed,2026-05-15,
TASK000635,Compliance documentation sent,Not Started,2026-05-15,
TASK000636,Pipeline review completed,In Progress,2026-05-15,
TASK000637,Product spec clarification,Completed,2026-05-15,
TASK000638,Account renewal discussion,Not Started,2026-05-15,
TASK000639,Shipping damage claim filed,In Progress,2026-05-15,
TASK000640,New lead qualification call,Completed,2026-05-15,
TASK000641,Follow up on order status,Not Started,2026-05-15,
TASK000642,Product demo scheduled,In Progress,2026-05-14,
TASK000643,Send quote revision,Completed,2026-05-14,
TASK000644,Contract review meeting,Not Started,2026-05-14,
TASK000645,Technical spec call,In Progress,2026-05-14,
TASK000646,Delivery confirmation,Completed,2026-05-14,
TASK000647,Invoice dispute follow-up,Not Started,2026-05-14,
TASK000648,Warranty claim initiated,In Progress,2026-05-14,
TASK000649,Installation support scheduled,Completed,2026-05-14,
TASK000650,Quarterly business review,Not Started,2026-05-14,
TASK000651,Return processing started,In Progress,2026-05-14,
TASK000652,Credit memo issued,Completed,2026-05-14,
TASK000653,Backorder notification sent,Not Started,2026-05-14,
TASK000654,Custom order specification,In Progress,2026-05-14,
TASK000655,Compliance documentation sent,Completed,2026-05-14,
TASK000656,Pipeline review completed,Not Started,2026-05-14,
TASK000657,Product spec clarification,In Progress,2026-05-14,
TASK000658,Account renewal discussion,Completed,2026-05-14,
TASK000659,Shipping damage claim filed,Not Started,2026-05-13,
TASK000660,New lead qualification call,In Progress,2026-05-13,
TASK000661,Follow up on order status,Completed,2026-05-13,
TASK000662,Product demo scheduled,Not Started,2026-05-13,
TASK000663,Send quote revision,In Progress,2026-05-13,
TASK000664,Contract review meeting,Completed,2026-05-13,
TASK000665,Technical spec call,Not Started,2026-05-13,
TASK000666,Delivery confirmation,In Progress,2026-05-13,
TASK000667,Invoice dispute follow-up,Completed,2026-05-13,
TASK000668,Warranty claim initiated,Not Started,2026-05-13,
TASK000669,Installation support scheduled,In Progress,2026-05-13,
TASK000670,Quarterly business review,Completed,2026-05-13,
TASK000671,Return processing started,Not Started,2026-05-13,
TASK000672,Credit memo issued,In Progress,2026-05-13,
TASK000673,Backorder notification sent,Completed,2026-05-13,
TASK000674,Custom order specification,Not Started,2026-05-13,
TASK000675,Compliance documentation sent,In Progress,2026-05-13,
TASK000676,Pipeline review completed,Completed,2026-05-12,
TASK000677,Product spec clarification,Not Started,2026-05-12,
TASK000678,Account renewal discussion,In Progress,2026-05-12,
TASK000679,Shipping damage claim filed,Completed,2026-05-12,
TASK000680,New lead qualification call,Not Started,2026-05-12,
TASK000681,Follow up on order status,In Progress,2026-05-12,
TASK000682,Product demo scheduled,Completed,2026-05-12,
TASK000683,Send quote revision,Not Started,2026-05-12,
TASK000684,Contract review meeting,In Progress,2026-05-12,
TASK000685,Technical spec call,Completed,2026-05-12,
TASK000686,Delivery confirmation,Not Started,2026-05-12,
TASK000687,Invoice dispute follow-up,In Progress,2026-05-12,
TASK000688,Warranty claim initiated,Completed,2026-05-12,
TASK000689,Installation support scheduled,Not Started,2026-05-12,
TASK000690,Quarterly business review,In Progress,2026-05-12,
TASK000691,Return processing started,Completed,2026-05-12,
TASK000692,Credit memo issued,Not Started,2026-05-12,
TASK000693,Backorder notification sent,In Progress,2026-05-11,
TASK000694,Custom order specification,Completed,2026-05-11,
TASK000695,Compliance documentation sent,Not Started,2026-05-11,
TASK000696,Pipeline review completed,In Progress,2026-05-11,
TASK000697,Product spec clarification,Completed,2026-05-11,
TASK000698,Account renewal discussion,Not Started,2026-05-11,
TASK000699,Shipping damage claim filed,In Progress,2026-05-11,
TASK000700,New lead qualification call,Completed,2026-05-11,
TASK000701,Follow up on order status,Not Started,2026-05-11,
TASK000702,Product demo scheduled,In Progress,2026-05-11,
TASK000703,Send quote revision,Completed,2026-05-11,
TASK000704,Contract review meeting,Not Started,2026-05-11,
TASK000705,Technical spec call,In Progress,2026-05-11,
TASK000706,Delivery confirmation,Completed,2026-05-11,
TASK000707,Invoice dispute follow-up,Not Started,2026-05-11,
TASK000708,Warranty claim initiated,In Progress,2026-05-11,
TASK000709,Installation support scheduled,Completed,2026-05-10,
TASK000710,Quarterly business review,Not Started,2026-05-10,
TASK000711,Return processing started,In Progress,2026-05-10,
TASK000712,Credit memo issued,Completed,2026-05-10,
TASK000713,Backorder notification sent,Not Started,2026-05-10,
TASK000714,Custom order specification,In Progress,2026-05-10,
TASK000715,Compliance documentation sent,Completed,2026-05-10,
TASK000716,Pipeline review completed,Not Started,2026-05-10,
TASK000717,Product spec clarification,In Progress,2026-05-10,
TASK000718,Account renewal discussion,Completed,2026-05-10,
TASK000719,Shipping damage claim filed,Not Started,2026-05-10,
TASK000720,New lead qualification call,In Progress,2026-05-10,
TASK000721,Follow up on order status,Completed,2026-05-10,
TASK000722,Product demo scheduled,Not Started,2026-05-10,
TASK000723,Send quote revision,In Progress,2026-05-10,
TASK000724,Contract review meeting,Completed,2026-05-10,
TASK000725,Technical spec call,Not Started,2026-05-10,
TASK000726,Delivery confirmation,In Progress,2026-05-09,
TASK000727,Invoice dispute follow-up,Completed,2026-05-09,
TASK000728,Warranty claim initiated,Not Started,2026-05-09,
TASK000729,Installation support scheduled,In Progress,2026-05-09,
TASK000730,Quarterly business review,Completed,2026-05-09,
TASK000731,Return processing started,Not Started,2026-05-09,
TASK000732,Credit memo issued,In Progress,2026-05-09,
TASK000733,Backorder notification sent,Completed,2026-05-09,
TASK000734,Custom order specification,Not Started,2026-05-09,
TASK000735,Compliance documentation sent,In Progress,2026-05-09,
TASK000736,Pipeline review completed,Completed,2026-05-09,
TASK000737,Product spec clarification,Not Started,2026-05-09,
TASK000738,Account renewal discussion,In Progress,2026-05-09,
TASK000739,Shipping damage claim filed,Completed,2026-05-09,
TASK000740,New lead qualification call,Not Started,2026-05-09,
TASK000741,Follow up on order status,In Progress,2026-05-09,
TASK000742,Product demo scheduled,Completed,2026-05-09,
TASK000743,Send quote revision,Not Started,2026-05-08,
TASK000744,Contract review meeting,In Progress,2026-05-08,
TASK000745,Technical spec call,Completed,2026-05-08,
TASK000746,Delivery confirmation,Not Started,2026-05-08,
TASK000747,Invoice dispute follow-up,In Progress,2026-05-08,
TASK000748,Warranty claim initiated,Completed,2026-05-08,
TASK000749,Installation support scheduled,Not Started,2026-05-08,
TASK000750,Quarterly business review,In Progress,2026-05-08,
TASK000751,Return processing started,Completed,2026-05-08,
TASK000752,Credit memo issued,Not Started,2026-05-08,
TASK000753,Backorder notification sent,In Progress,2026-05-08,
TASK000754,Custom order specification,Completed,2026-05-08,
TASK000755,Compliance documentation sent,Not Started,2026-05-08,
TASK000756,Pipeline review completed,In Progress,2026-05-08,
TASK000757,Product spec clarification,Completed,2026-05-08,
TASK000758,Account renewal discussion,Not Started,2026-05-08,
TASK000759,Shipping damage claim filed,In Progress,2026-05-08,
TASK000760,New lead qualification call,Completed,2026-05-07,
TASK000761,Follow up on order status,Not Started,2026-05-07,
TASK000762,Product demo scheduled,In Progress,2026-05-07,
TASK000763,Send quote revision,Completed,2026-05-07,
TASK000764,Contract review meeting,Not Started,2026-05-07,
TASK000765,Technical spec call,In Progress,2026-05-07,
TASK000766,Delivery confirmation,Completed,2026-05-07,
TASK000767,Invoice dispute follow-up,Not Started,2026-05-07,
TASK000768,Warranty claim initiated,In Progress,2026-05-07,
TASK000769,Installation support scheduled,Completed,2026-05-07,
TASK000770,Quarterly business review,Not Started,2026-05-07,
TASK000771,Return processing started,In Progress,2026-05-07,
TASK000772,Credit memo issued,Completed,2026-05-07,
TASK000773,Backorder notification sent,Not Started,2026-05-07,
TASK000774,Custom order specification,In Progress,2026-05-07,
TASK000775,Compliance documentation sent,Completed,2026-05-07,
TASK000776,Pipeline review completed,Not Started,2026-05-07,
TASK000777,Product spec clarification,In Progress,2026-05-06,
TASK000778,Account renewal discussion,Completed,2026-05-06,
TASK000779,Shipping damage claim filed,Not Started,2026-05-06,
TASK000780,New lead qualification call,In Progress,2026-05-06,
TASK000781,Follow up on order status,Completed,2026-05-06,
TASK000782,Product demo scheduled,Not Started,2026-05-06,
TASK000783,Send quote revision,In Progress,2026-05-06,
TASK000784,Contract review meeting,Completed,2026-05-06,
TASK000785,Technical spec call,Not Started,2026-05-06,
TASK000786,Delivery confirmation,In Progress,2026-05-06,
TASK000787,Invoice dispute follow-up,Completed,2026-05-06,
TASK000788,Warranty claim initiated,Not Started,2026-05-06,
TASK000789,Installation support scheduled,In Progress,2026-05-06,
TASK000790,Quarterly business review,Completed,2026-05-06,
TASK000791,Return processing started,Not Started,2026-05-06,
TASK000792,Credit memo issued,In Progress,2026-05-06,
TASK000793,Backorder notification sent,Completed,2026-05-06,
TASK000794,Custom order specification,Not Started,2026-05-05,
TASK000795,Compliance documentation sent,In Progress,2026-05-05,
TASK000796,Pipeline review completed,Completed,2026-05-05,
TASK000797,Product spec clarification,Not Started,2026-05-05,
TASK000798,Account renewal discussion,In Progress,2026-05-05,
TASK000799,Shipping damage claim filed,Completed,2026-05-05,
TASK000800,New lead qualification call,Not Started,2026-05-05,
TASK000801,Follow up on order status,In Progress,2026-05-05,
TASK000802,Product demo scheduled,Completed,2026-05-05,
TASK000803,Send quote revision,Not Started,2026-05-05,
TASK000804,Contract review meeting,In Progress,2026-05-05,
TASK000805,Technical spec call,Completed,2026-05-05,
TASK000806,Delivery confirmation,Not Started,2026-05-05,
TASK000807,Invoice dispute follow-up,In Progress,2026-05-05,
TASK000808,Warranty claim initiated,Completed,2026-05-05,
TASK000809,Installation support scheduled,Not Started,2026-05-05,
TASK000810,Quarterly business review,In Progress,2026-05-04,
TASK000811,Return processing started,Completed,2026-05-04,
TASK000812,Credit memo issued,Not Started,2026-05-04,
TASK000813,Backorder notification sent,In Progress,2026-05-04,
TASK000814,Custom order specification,Completed,2026-05-04,
TASK000815,Compliance documentation sent,Not Started,2026-05-04,
TASK000816,Pipeline review completed,In Progress,2026-05-04,
TASK000817,Product spec clarification,Completed,2026-05-04,
TASK000818,Account renewal discussion,Not Started,2026-05-04,
TASK000819,Shipping damage claim filed,In Progress,2026-05-04,
TASK000820,New lead qualification call,Completed,2026-05-04,
TASK000821,Follow up on order status,Not Started,2026-05-04,
TASK000822,Product demo scheduled,In Progress,2026-05-04,
TASK000823,Send quote revision,Completed,2026-05-04,
TASK000824,Contract review meeting,Not Started,2026-05-04,
TASK000825,Technical spec call,In Progress,2026-05-04,
TASK000826,Delivery confirmation,Completed,2026-05-04,
TASK000827,Invoice dispute follow-up,Not Started,2026-05-03,
TASK000828,Warranty claim initiated,In Progress,2026-05-03,
TASK000829,Installation support scheduled,Completed,2026-05-03,
TASK000830,Quarterly business review,Not Started,2026-05-03,
TASK000831,Return processing started,In Progress,2026-05-03,
TASK000832,Credit memo issued,Completed,2026-05-03,
TASK000833,Backorder notification sent,Not Started,2026-05-03,
TASK000834,Custom order specification,In Progress,2026-05-03,
TASK000835,Compliance documentation sent,Completed,2026-05-03,
TASK000836,Pipeline review completed,Not Started,2026-05-03,
TASK000837,Product spec clarification,In Progress,2026-05-03,
TASK000838,Account renewal discussion,Completed,2026-05-03,
TASK000839,Shipping damage claim filed,Not Started,2026-05-03,
TASK000840,New lead qualification call,In Progress,2026-05-03,
TASK000841,Follow up on order status,Completed,2026-05-03,
TASK000842,Product demo scheduled,Not Started,2026-05-03,
TASK000843,Send quote revision,In Progress,2026-05-03,
TASK000844,Contract review meeting,Completed,2026-05-02,
TASK000845,Technical spec call,Not Started,2026-05-02,
TASK000846,Delivery confirmation,In Progress,2026-05-02,
TASK000847,Invoice dispute follow-up,Completed,2026-05-02,
TASK000848,Warranty claim initiated,Not Started,2026-05-02,
TASK000849,Installation support scheduled,In Progress,2026-05-02,
TASK000850,Quarterly business review,Completed,2026-05-02,
TASK000851,Return processing started,Not Started,2026-05-02,
TASK000852,Credit memo issued,In Progress,2026-05-02,
TASK000853,Backorder notification sent,Completed,2026-05-02,
TASK000854,Custom order specification,Not Started,2026-05-02,
TASK000855,Compliance documentation sent,In Progress,2026-05-02,
TASK000856,Pipeline review completed,Completed,2026-05-02,
TASK000857,Product spec clarification,Not Started,2026-05-02,
TASK000858,Account renewal discussion,In Progress,2026-05-02,
TASK000859,Shipping damage claim filed,Completed,2026-05-02,
TASK000860,New lead qualification call,Not Started,2026-05-02,
TASK000861,Follow up on order status,In Progress,2026-05-01,
TASK000862,Product demo scheduled,Completed,2026-05-01,
TASK000863,Send quote revision,Not Started,2026-05-01,
TASK000864,Contract review meeting,In Progress,2026-05-01,
TASK000865,Technical spec call,Completed,2026-05-01,
TASK000866,Delivery confirmation,Not Started,2026-05-01,
TASK000867,Invoice dispute follow-up,In Progress,2026-05-01,
TASK000868,Warranty claim initiated,Completed,2026-05-01,
TASK000869,Installation support scheduled,Not Started,2026-05-01,
TASK000870,Quarterly business review,In Progress,2026-05-01,
TASK000871,Return processing started,Completed,2026-05-01,
TASK000872,Credit memo issued,Not Started,2026-05-01,
TASK000873,Backorder notification sent,In Progress,2026-05-01,
TASK000874,Custom order specification,Completed,2026-05-01,
TASK000875,Compliance documentation sent,Not Started,2026-05-01,
TASK000876,Pipeline review completed,In Progress,2026-05-01,
TASK000877,Product spec clarification,Completed,2026-05-01,
TASK000878,Account renewal discussion,Not Started,2026-04-30,
TASK000879,Shipping damage claim filed,In Progress,2026-04-30,
TASK000880,New lead qualification call,Completed,2026-04-30,
TASK000881,Follow up on order status,Not Started,2026-04-30,
TASK000882,Product demo scheduled,In Progress,2026-04-30,
TASK000883,Send quote revision,Completed,2026-04-30,
TASK000884,Contract review meeting,Not Started,2026-04-30,
TASK000885,Technical spec call,In Progress,2026-04-30,
TASK000886,Delivery confirmation,Completed,2026-04-30,
TASK000887,Invoice dispute follow-up,Not Started,2026-04-30,
TASK000888,Warranty claim initiated,In Progress,2026-04-30,
TASK000889,Installation support scheduled,Completed,2026-04-30,
TASK000890,Quarterly business review,Not Started,2026-04-30,
TASK000891,Return processing started,In Progress,2026-04-30,
TASK000892,Credit memo issued,Completed,2026-04-30,
TASK000893,Backorder notification sent,Not Started,2026-04-30,
TASK000894,Custom order specification,In Progress,2026-04-30,
TASK000895,Compliance documentation sent,Completed,2026-04-29,
TASK000896,Pipeline review completed,Not Started,2026-04-29,
TASK000897,Product spec clarification,In Progress,2026-04-29,
TASK000898,Account renewal discussion,Completed,2026-04-29,
TASK000899,Shipping damage claim filed,Not Started,2026-04-29,
TASK000900,New lead qualification call,In Progress,2026-04-29,
TASK000901,Follow up on order status,Completed,2026-04-29,
TASK000902,Product demo scheduled,Not Started,2026-04-29,
TASK000903,Send quote revision,In Progress,2026-04-29,
TASK000904,Contract review meeting,Completed,2026-04-29,
TASK000905,Technical spec call,Not Started,2026-04-29,
TASK000906,Delivery confirmation,In Progress,2026-04-29,
TASK000907,Invoice dispute follow-up,Completed,2026-04-29,
TASK000908,Warranty claim initiated,Not Started,2026-04-29,
TASK000909,Installation support scheduled,In Progress,2026-04-29,
TASK000910,Quarterly business review,Completed,2026-04-29,
TASK000911,Return processing started,Not Started,2026-04-29,
TASK000912,Credit memo issued,In Progress,2026-04-28,
TASK000913,Backorder notification sent,Completed,2026-04-28,
TASK000914,Custom order specification,Not Started,2026-04-28,
TASK000915,Compliance documentation sent,In Progress,2026-04-28,
TASK000916,Pipeline review completed,Completed,2026-04-28,
TASK000917,Product spec clarification,Not Started,2026-04-28,
TASK000918,Account renewal discussion,In Progress,2026-04-28,
TASK000919,Shipping damage claim filed,Completed,2026-04-28,
TASK000920,New lead qualification call,Not Started,2026-04-28,
TASK000921,Follow up on order status,In Progress,2026-04-28,
TASK000922,Product demo scheduled,Completed,2026-04-28,
TASK000923,Send quote revision,Not Started,2026-04-28,
TASK000924,Contract review meeting,In Progress,2026-04-28,
TASK000925,Technical spec call,Completed,2026-04-28,
TASK000926,Delivery confirmation,Not Started,2026-04-28,
TASK000927,Invoice dispute follow-up,In Progress,2026-04-28,
TASK000928,Warranty claim initiated,Completed,2026-04-27,
TASK000929,Installation support scheduled,Not Started,2026-04-27,
TASK000930,Quarterly business review,In Progress,2026-04-27,
TASK000931,Return processing started,Completed,2026-04-27,
TASK000932,Credit memo issued,Not Started,2026-04-27,
TASK000933,Backorder notification sent,In Progress,2026-04-27,
TASK000934,Custom order specification,Completed,2026-04-27,
TASK000935,Compliance documentation sent,Not Started,2026-04-27,
TASK000936,Pipeline review completed,In Progress,2026-04-27,
TASK000937,Product spec clarification,Completed,2026-04-27,
TASK000938,Account renewal discussion,Not Started,2026-04-27,
TASK000939,Shipping damage claim filed,In Progress,2026-04-27,
TASK000940,New lead qualification call,Completed,2026-04-27,
TASK000941,Follow up on order status,Not Started,2026-04-27,
TASK000942,Product demo scheduled,In Progress,2026-04-27,
TASK000943,Send quote revision,Completed,2026-04-27,
TASK000944,Contract review meeting,Not Started,2026-04-27,
TASK000945,Technical spec call,In Progress,2026-04-26,
TASK000946,Delivery confirmation,Completed,2026-04-26,
TASK000947,Invoice dispute follow-up,Not Started,2026-04-26,
TASK000948,Warranty claim initiated,In Progress,2026-04-26,
TASK000949,Installation support scheduled,Completed,2026-04-26,
TASK000950,Quarterly business review,Not Started,2026-04-26,
TASK000951,Return processing started,In Progress,2026-04-26,
TASK000952,Credit memo issued,Completed,2026-04-26,
TASK000953,Backorder notification sent,Not Started,2026-04-26,
TASK000954,Custom order specification,In Progress,2026-04-26,
TASK000955,Compliance documentation sent,Completed,2026-04-26,
TASK000956,Pipeline review completed,Not Started,2026-04-26,
TASK000957,Product spec clarification,In Progress,2026-04-26,
TASK000958,Account renewal discussion,Completed,2026-04-26,
TASK000959,Shipping damage claim filed,Not Started,2026-04-26,
TASK000960,New lead qualification call,In Progress,2026-04-26,
TASK000961,Follow up on order status,Completed,2026-04-26,
TASK000962,Product demo scheduled,Not Started,2026-04-25,
TASK000963,Send quote revision,In Progress,2026-04-25,
TASK000964,Contract review meeting,Completed,2026-04-25,
TASK000965,Technical spec call,Not Started,2026-04-25,
TASK000966,Delivery confirmation,In Progress,2026-04-25,
TASK000967,Invoice dispute follow-up,Completed,2026-04-25,
TASK000968,Warranty claim initiated,Not Started,2026-04-25,
TASK000969,Installation support scheduled,In Progress,2026-04-25,
TASK000970,Quarterly business review,Completed,2026-04-25,
TASK000971,Return processing started,Not Started,2026-04-25,
TASK000972,Credit memo issued,In Progress,2026-04-25,
TASK000973,Backorder notification sent,Completed,2026-04-25,
TASK000974,Custom order specification,Not Started,2026-04-25,
TASK000975,Compliance documentation sent,In Progress,2026-04-25,
TASK000976,Pipeline review completed,Completed,2026-04-25,
TASK000977,Product spec clarification,Not Started,2026-04-25,
TASK000978,Account renewal discussion,In Progress,2026-04-25,
TASK000979,Shipping damage claim filed,Completed,2026-04-24,
TASK000980,New lead qualification call,Not Started,2026-04-24,
TASK000981,Follow up on order status,In Progress,2026-04-24,
TASK000982,Product demo scheduled,Completed,2026-04-24,
TASK000983,Send quote revision,Not Started,2026-04-24,
TASK000984,Contract review meeting,In Progress,2026-04-24,
TASK000985,Technical spec call,Completed,2026-04-24,
TASK000986,Delivery confirmation,Not Started,2026-04-24,
TASK000987,Invoice dispute follow-up,In Progress,2026-04-24,
TASK000988,Warranty claim initiated,Completed,2026-04-24,
TASK000989,Installation support scheduled,Not Started,2026-04-24,
TASK000990,Quarterly business review,In Progress,2026-04-24,
TASK000991,Return processing started,Completed,2026-04-24,
TASK000992,Credit memo issued,Not Started,2026-04-24,
TASK000993,Backorder notification sent,In Progress,2026-04-24,
TASK000994,Custom order specification,Completed,2026-04-24,
TASK000995,Compliance documentation sent,Not Started,2026-04-24,
TASK000996,Pipeline review completed,In Progress,2026-04-23,
TASK000997,Product spec clarification,Completed,2026-04-23,
TASK000998,Account renewal discussion,Not Started,2026-04-23,
TASK000999,Shipping damage claim filed,In Progress,2026-04-23,
TASK001000,New lead qualification call,Completed,2026-04-23,
TASK001001,Follow up on order status,Not Started,2026-04-23,
TASK001002,Product demo scheduled,In Progress,2026-04-23,
TASK001003,Send quote revision,Completed,2026-04-23,
TASK001004,Contract review meeting,Not Started,2026-04-23,
TASK001005,Technical spec call,In Progress,2026-04-23,
TASK001006,Delivery confirmation,Completed,2026-04-23,
TASK001007,Invoice dispute follow-up,Not Started,2026-04-23,
TASK001008,Warranty claim initiated,In Progress,2026-04-23,
TASK001009,Installation support scheduled,Completed,2026-04-23,
TASK001010,Quarterly business review,Not Started,2026-04-23,
TASK001011,Return processing started,In Progress,2026-04-23,
TASK001012,Credit memo issued,Completed,2026-04-23,
TASK001013,Backorder notification sent,Not Started,2026-04-22,
TASK001014,Custom order specification,In Progress,2026-04-22,
TASK001015,Compliance documentation sent,Completed,2026-04-22,
TASK001016,Pipeline review completed,Not Started,2026-04-22,
TASK001017,Product spec clarification,In Progress,2026-04-22,
TASK001018,Account renewal discussion,Completed,2026-04-22,
TASK001019,Shipping damage claim filed,Not Started,2026-04-22,
TASK001020,New lead qualification call,In Progress,2026-04-22,
TASK001021,Follow up on order status,Completed,2026-04-22,
TASK001022,Product demo scheduled,Not Started,2026-04-22,
TASK001023,Send quote revision,In Progress,2026-04-22,
TASK001024,Contract review meeting,Completed,2026-04-22,
TASK001025,Technical spec call,Not Started,2026-04-22,
TASK001026,Delivery confirmation,In Progress,2026-04-22,
TASK001027,Invoice dispute follow-up,Completed,2026-04-22,
TASK001028,Warranty claim initiated,Not Started,2026-04-22,
TASK001029,Installation support scheduled,In Progress,2026-04-22,
TASK001030,Quarterly business review,Completed,2026-04-21,
TASK001031,Return processing started,Not Started,2026-04-21,
TASK001032,Credit memo issued,In Progress,2026-04-21,
TASK001033,Backorder notification sent,Completed,2026-04-21,
TASK001034,Custom order specification,Not Started,2026-04-21,
TASK001035,Compliance documentation sent,In Progress,2026-04-21,
TASK001036,Pipeline review completed,Completed,2026-04-21,
TASK001037,Product spec clarification,Not Started,2026-04-21,
TASK001038,Account renewal discussion,In Progress,2026-04-21,
TASK001039,Shipping damage claim filed,Completed,2026-04-21,
TASK001040,New lead qualification call,Not Started,2026-04-21,
TASK001041,Follow up on order status,In Progress,2026-04-21,
TASK001042,Product demo scheduled,Completed,2026-04-21,
TASK001043,Send quote revision,Not Started,2026-04-21,
TASK001044,Contract review meeting,In Progress,2026-04-21,
TASK001045,Technical spec call,Completed,2026-04-21,
TASK001046,Delivery confirmation,Not Started,2026-04-20,
TASK001047,Invoice dispute follow-up,In Progress,2026-04-20,
TASK001048,Warranty claim initiated,Completed,2026-04-20,
TASK001049,Installation support scheduled,Not Started,2026-04-20,
TASK001050,Quarterly business review,In Progress,2026-04-20,
TASK001051,Return processing started,Completed,2026-04-20,
TASK001052,Credit memo issued,Not Started,2026-04-20,
TASK001053,Backorder notification sent,In Progress,2026-04-20,
TASK001054,Custom order specification,Completed,2026-04-20,
TASK001055,Compliance documentation sent,Not Started,2026-04-20,
TASK001056,Pipeline review completed,In Progress,2026-04-20,
TASK001057,Product spec clarification,Completed,2026-04-20,
TASK001058,Account renewal discussion,Not Started,2026-04-20,
TASK001059,Shipping damage claim filed,In Progress,2026-04-20,
TASK001060,New lead qualification call,Completed,2026-04-20,
TASK001061,Follow up on order status,Not Started,2026-04-20,
TASK001062,Product demo scheduled,In Progress,2026-04-20,
TASK001063,Send quote revision,Completed,2026-04-19,
TASK001064,Contract review meeting,Not Started,2026-04-19,
TASK001065,Technical spec call,In Progress,2026-04-19,
TASK001066,Delivery confirmation,Completed,2026-04-19,
TASK001067,Invoice dispute follow-up,Not Started,2026-04-19,
TASK001068,Warranty claim initiated,In Progress,2026-04-19,
TASK001069,Installation support scheduled,Completed,2026-04-19,
TASK001070,Quarterly business review,Not Started,2026-04-19,
TASK001071,Return processing started,In Progress,2026-04-19,
TASK001072,Credit memo issued,Completed,2026-04-19,
TASK001073,Backorder notification sent,Not Started,2026-04-19,
TASK001074,Custom order specification,In Progress,2026-04-19,
TASK001075,Compliance documentation sent,Completed,2026-04-19,
TASK001076,Pipeline review completed,Not Started,2026-04-19,
TASK001077,Product spec clarification,In Progress,2026-04-19,
TASK001078,Account renewal discussion,Completed,2026-04-19,
TASK001079,Shipping damage claim filed,Not Started,2026-04-19,
TASK001080,New lead qualification call,In Progress,2026-04-18,
TASK001081,Follow up on order status,Completed,2026-04-18,
TASK001082,Product demo scheduled,Not Started,2026-04-18,
TASK001083,Send quote revision,In Progress,2026-04-18,
TASK001084,Contract review meeting,Completed,2026-04-18,
TASK001085,Technical spec call,Not Started,2026-04-18,
TASK001086,Delivery confirmation,In Progress,2026-04-18,
TASK001087,Invoice dispute follow-up,Completed,2026-04-18,
TASK001088,Warranty claim initiated,Not Started,2026-04-18,
TASK001089,Installation support scheduled,In Progress,2026-04-18,
TASK001090,Quarterly business review,Completed,2026-04-18,
TASK001091,Return processing started,Not Started,2026-04-18,
TASK001092,Credit memo issued,In Progress,2026-04-18,
TASK001093,Backorder notification sent,Completed,2026-04-18,
TASK001094,Custom order specification,Not Started,2026-04-18,
TASK001095,Compliance documentation sent,In Progress,2026-04-18,
TASK001096,Pipeline review completed,Completed,2026-04-18,
TASK001097,Product spec clarification,Not Started,2026-04-17,
TASK001098,Account renewal discussion,In Progress,2026-04-17,
TASK001099,Shipping damage claim filed,Completed,2026-04-17,
TASK001100,New lead qualification call,Not Started,2026-04-17,
TASK001101,Follow up on order status,In Progress,2026-04-17,
TASK001102,Product demo scheduled,Completed,2026-04-17,
TASK001103,Send quote revision,Not Started,2026-04-17,
TASK001104,Contract review meeting,In Progress,2026-04-17,
TASK001105,Technical spec call,Completed,2026-04-17,
TASK001106,Delivery confirmation,Not Started,2026-04-17,
TASK001107,Invoice dispute follow-up,In Progress,2026-04-17,
TASK001108,Warranty claim initiated,Completed,2026-04-17,
TASK001109,Installation support scheduled,Not Started,2026-04-17,
TASK001110,Quarterly business review,In Progress,2026-04-17,
TASK001111,Return processing started,Completed,2026-04-17,
TASK001112,Credit memo issued,Not Started,2026-04-17,
TASK001113,Backorder notification sent,In Progress,2026-04-17,
TASK001114,Custom order specification,Completed,2026-04-16,
TASK001115,Compliance documentation sent,Not Started,2026-04-16,
TASK001116,Pipeline review completed,In Progress,2026-04-16,
TASK001117,Product spec clarification,Completed,2026-04-16,
TASK001118,Account renewal discussion,Not Started,2026-04-16,
TASK001119,Shipping damage claim filed,In Progress,2026-04-16,
TASK001120,New lead qualification call,Completed,2026-04-16,
TASK001121,Follow up on order status,Not Started,2026-04-16,
TASK001122,Product demo scheduled,In Progress,2026-04-16,
TASK001123,Send quote revision,Completed,2026-04-16,
TASK001124,Contract review meeting,Not Started,2026-04-16,
TASK001125,Technical spec call,In Progress,2026-04-16,
TASK001126,Delivery confirmation,Completed,2026-04-16,
TASK001127,Invoice dispute follow-up,Not Started,2026-04-16,
TASK001128,Warranty claim initiated,In Progress,2026-04-16,
TASK001129,Installation support scheduled,Completed,2026-04-16,
TASK001130,Quarterly business review,Not Started,2026-04-16,
TASK001131,Return processing started,In Progress,2026-04-15,
TASK001132,Credit memo issued,Completed,2026-04-15,
TASK001133,Backorder notification sent,Not Started,2026-04-15,
TASK001134,Custom order specification,In Progress,2026-04-15,
TASK001135,Compliance documentation sent,Completed,2026-04-15,
TASK001136,Pipeline review completed,Not Started,2026-04-15,
TASK001137,Product spec clarification,In Progress,2026-04-15,
TASK001138,Account renewal discussion,Completed,2026-04-15,
TASK001139,Shipping damage claim filed,Not Started,2026-04-15,
TASK001140,New lead qualification call,In Progress,2026-04-15,
TASK001141,Follow up on order status,Completed,2026-04-15,
TASK001142,Product demo scheduled,Not Started,2026-04-15,
TASK001143,Send quote revision,In Progress,2026-04-15,
TASK001144,Contract review meeting,Completed,2026-04-15,
TASK001145,Technical spec call,Not Started,2026-04-15,
TASK001146,Delivery confirmation,In Progress,2026-04-15,
TASK001147,Invoice dispute follow-up,Completed,2026-04-15,
TASK001148,Warranty claim initiated,Not Started,2026-04-14,
TASK001149,Installation support scheduled,In Progress,2026-04-14,
TASK001150,Quarterly business review,Completed,2026-04-14,
TASK001151,Return processing started,Not Started,2026-04-14,
TASK001152,Credit memo issued,In Progress,2026-04-14,
TASK001153,Backorder notification sent,Completed,2026-04-14,
TASK001154,Custom order specification,Not Started,2026-04-14,
TASK001155,Compliance documentation sent,In Progress,2026-04-14,
TASK001156,Pipeline review completed,Completed,2026-04-14,
TASK001157,Product spec clarification,Not Started,2026-04-14,
TASK001158,Account renewal discussion,In Progress,2026-04-14,
TASK001159,Shipping damage claim filed,Completed,2026-04-14,
TASK001160,New lead qualification call,Not Started,2026-04-14,
TASK001161,Follow up on order status,In Progress,2026-04-14,
TASK001162,Product demo scheduled,Completed,2026-04-14,
TASK001163,Send quote revision,Not Started,2026-04-14,
TASK001164,Contract review meeting,In Progress,2026-04-13,
TASK001165,Technical spec call,Completed,2026-04-13,
TASK001166,Delivery confirmation,Not Started,2026-04-13,
TASK001167,Invoice dispute follow-up,In Progress,2026-04-13,
TASK001168,Warranty claim initiated,Completed,2026-04-13,
TASK001169,Installation support scheduled,Not Started,2026-04-13,
TASK001170,Quarterly business review,In Progress,2026-04-13,
TASK001171,Return processing started,Completed,2026-04-13,
TASK001172,Credit memo issued,Not Started,2026-04-13,
TASK001173,Backorder notification sent,In Progress,2026-04-13,
TASK001174,Custom order specification,Completed,2026-04-13,
TASK001175,Compliance documentation sent,Not Started,2026-04-13,
TASK001176,Pipeline review completed,In Progress,2026-04-13,
TASK001177,Product spec clarification,Completed,2026-04-13,
TASK001178,Account renewal discussion,Not Started,2026-04-13,
TASK001179,Shipping damage claim filed,In Progress,2026-04-13,
TASK001180,New lead qualification call,Completed,2026-04-13,
TASK001181,Follow up on order status,Not Started,2026-04-12,
TASK001182,Product demo scheduled,In Progress,2026-04-12,
TASK001183,Send quote revision,Completed,2026-04-12,
TASK001184,Contract review meeting,Not Started,2026-04-12,
TASK001185,Technical spec call,In Progress,2026-04-12,
TASK001186,Delivery confirmation,Completed,2026-04-12,
TASK001187,Invoice dispute follow-up,Not Started,2026-04-12,
TASK001188,Warranty claim initiated,In Progress,2026-04-12,
TASK001189,Installation support scheduled,Completed,2026-04-12,
TASK001190,Quarterly business review,Not Started,2026-04-12,
TASK001191,Return processing started,In Progress,2026-04-12,
TASK001192,Credit memo issued,Completed,2026-04-12,
TASK001193,Backorder notification sent,Not Started,2026-04-12,
TASK001194,Custom order specification,In Progress,2026-04-12,
TASK001195,Compliance documentation sent,Completed,2026-04-12,
TASK001196,Pipeline review completed,Not Started,2026-04-12,
TASK001197,Product spec clarification,In Progress,2026-04-12,
TASK001198,Account renewal discussion,Completed,2026-04-11,
TASK001199,Shipping damage claim filed,Not Started,2026-04-11,
TASK001200,New lead qualification call,In Progress,2026-04-11,
TASK001201,Follow up on order status,Completed,2026-04-11,
TASK001202,Product demo scheduled,Not Started,2026-04-11,
TASK001203,Send quote revision,In Progress,2026-04-11,
TASK001204,Contract review meeting,Completed,2026-04-11,
TASK001205,Technical spec call,Not Started,2026-04-11,
TASK001206,Delivery confirmation,In Progress,2026-04-11,
TASK001207,Invoice dispute follow-up,Completed,2026-04-11,
TASK001208,Warranty claim initiated,Not Started,2026-04-11,
TASK001209,Installation support scheduled,In Progress,2026-04-11,
TASK001210,Quarterly business review,Completed,2026-04-11,
TASK001211,Return processing started,Not Started,2026-04-11,
TASK001212,Credit memo issued,In Progress,2026-04-11,
TASK001213,Backorder notification sent,Completed,2026-04-11,
TASK001214,Custom order specification,Not Started,2026-04-11,
TASK001215,Compliance documentation sent,In Progress,2026-04-10,
TASK001216,Pipeline review completed,Completed,2026-04-10,
TASK001217,Product spec clarification,Not Started,2026-04-10,
TASK001218,Account renewal discussion,In Progress,2026-04-10,
TASK001219,Shipping damage claim filed,Completed,2026-04-10,
TASK001220,New lead qualification call,Not Started,2026-04-10,
TASK001221,Follow up on order status,In Progress,2026-04-10,
TASK001222,Product demo scheduled,Completed,2026-04-10,
TASK001223,Send quote revision,Not Started,2026-04-10,
TASK001224,Contract review meeting,In Progress,2026-04-10,
TASK001225,Technical spec call,Completed,2026-04-10,
TASK001226,Delivery confirmation,Not Started,2026-04-10,
TASK001227,Invoice dispute follow-up,In Progress,2026-04-10,
TASK001228,Warranty claim initiated,Completed,2026-04-10,
TASK001229,Installation support scheduled,Not Started,2026-04-10,
TASK001230,Quarterly business review,In Progress,2026-04-10,
TASK001231,Return processing started,Completed,2026-04-10,
TASK001232,Credit memo issued,Not Started,2026-04-09,
TASK001233,Backorder notification sent,In Progress,2026-04-09,
TASK001234,Custom order specification,Completed,2026-04-09,
TASK001235,Compliance documentation sent,Not Started,2026-04-09,
TASK001236,Pipeline review completed,In Progress,2026-04-09,
TASK001237,Product spec clarification,Completed,2026-04-09,
TASK001238,Account renewal discussion,Not Started,2026-04-09,
TASK001239,Shipping damage claim filed,In Progress,2026-04-09,
TASK001240,New lead qualification call,Completed,2026-04-09,
TASK001241,Follow up on order status,Not Started,2026-04-09,
TASK001242,Product demo scheduled,In Progress,2026-04-09,
TASK001243,Send quote revision,Completed,2026-04-09,
TASK001244,Contract review meeting,Not Started,2026-04-09,
TASK001245,Technical spec call,In Progress,2026-04-09,
TASK001246,Delivery confirmation,Completed,2026-04-09,
TASK001247,Invoice dispute follow-up,Not Started,2026-04-09,
TASK001248,Warranty claim initiated,In Progress,2026-04-09,
TASK001249,Installation support scheduled,Completed,2026-04-08,
TASK001250,Quarterly business review,Not Started,2026-04-08,
TASK001251,Return processing started,In Progress,2026-04-08,
TASK001252,Credit memo issued,Completed,2026-04-08,
TASK001253,Backorder notification sent,Not Started,2026-04-08,
TASK001254,Custom order specification,In Progress,2026-04-08,
TASK001255,Compliance documentation sent,Completed,2026-04-08,
TASK001256,Pipeline review completed,Not Started,2026-04-08,
TASK001257,Product spec clarification,In Progress,2026-04-08,
TASK001258,Account renewal discussion,Completed,2026-04-08,
TASK001259,Shipping damage claim filed,Not Started,2026-04-08,
TASK001260,New lead qualification call,In Progress,2026-04-08,
TASK001261,Follow up on order status,Completed,2026-04-08,
TASK001262,Product demo scheduled,Not Started,2026-04-08,
TASK001263,Send quote revision,In Progress,2026-04-08,
TASK001264,Contract review meeting,Completed,2026-04-08,
TASK001265,Technical spec call,Not Started,2026-04-08,
TASK001266,Delivery confirmation,In Progress,2026-04-07,
TASK001267,Invoice dispute follow-up,Completed,2026-04-07,
TASK001268,Warranty claim initiated,Not Started,2026-04-07,
TASK001269,Installation support scheduled,In Progress,2026-04-07,
TASK001270,Quarterly business review,Completed,2026-04-07,
TASK001271,Return processing started,Not Started,2026-04-07,
TASK001272,Credit memo issued,In Progress,2026-04-07,
TASK001273,Backorder notification sent,Completed,2026-04-07,
TASK001274,Custom order specification,Not Started,2026-04-07,
TASK001275,Compliance documentation sent,In Progress,2026-04-07,
TASK001276,Pipeline review completed,Completed,2026-04-07,
TASK001277,Product spec clarification,Not Started,2026-04-07,
TASK001278,Account renewal discussion,In Progress,2026-04-07,
TASK001279,Shipping damage claim filed,Completed,2026-04-07,
TASK001280,New lead qualification call,Not Started,2026-04-07,
TASK001281,Follow up on order status,In Progress,2026-04-07,
TASK001282,Product demo scheduled,Completed,2026-04-06,
TASK001283,Send quote revision,Not Started,2026-04-06,
TASK001284,Contract review meeting,In Progress,2026-04-06,
TASK001285,Technical spec call,Completed,2026-04-06,
TASK001286,Delivery confirmation,Not Started,2026-04-06,
TASK001287,Invoice dispute follow-up,In Progress,2026-04-06,
TASK001288,Warranty claim initiated,Completed,2026-04-06,
TASK001289,Installation support scheduled,Not Started,2026-04-06,
TASK001290,Quarterly business review,In Progress,2026-04-06,
TASK001291,Return processing started,Completed,2026-04-06,
TASK001292,Credit memo issued,Not Started,2026-04-06,
TASK001293,Backorder notification sent,In Progress,2026-04-06,
TASK001294,Custom order specification,Completed,2026-04-06,
TASK001295,Compliance documentation sent,Not Started,2026-04-06,
TASK001296,Pipeline review completed,In Progress,2026-04-06,
TASK001297,Product spec clarification,Completed,2026-04-06,
TASK001298,Account renewal discussion,Not Started,2026-04-06,
TASK001299,Shipping damage claim filed,In Progress,2026-04-05,
TASK001300,New lead qualification call,Completed,2026-04-05,
TASK001301,Follow up on order status,Not Started,2026-04-05,
TASK001302,Product demo scheduled,In Progress,2026-04-05,
TASK001303,Send quote revision,Completed,2026-04-05,
TASK001304,Contract review meeting,Not Started,2026-04-05,
TASK001305,Technical spec call,In Progress,2026-04-05,
TASK001306,Delivery confirmation,Completed,2026-04-05,
TASK001307,Invoice dispute follow-up,Not Started,2026-04-05,
TASK001308,Warranty claim initiated,In Progress,2026-04-05,
TASK001309,Installation support scheduled,Completed,2026-04-05,
TASK001310,Quarterly business review,Not Started,2026-04-05,
TASK001311,Return processing started,In Progress,2026-04-05,
TASK001312,Credit memo issued,Completed,2026-04-05,
TASK001313,Backorder notification sent,Not Started,2026-04-05,
TASK001314,Custom order specification,In Progress,2026-04-05,
TASK001315,Compliance documentation sent,Completed,2026-04-05,
TASK001316,Pipeline review completed,Not Started,2026-04-04,
TASK001317,Product spec clarification,In Progress,2026-04-04,
TASK001318,Account renewal discussion,Completed,2026-04-04,
TASK001319,Shipping damage claim filed,Not Started,2026-04-04,
TASK001320,New lead qualification call,In Progress,2026-04-04,
TASK001321,Follow up on order status,Completed,2026-04-04,
TASK001322,Product demo scheduled,Not Started,2026-04-04,
TASK001323,Send quote revision,In Progress,2026-04-04,
TASK001324,Contract review meeting,Completed,2026-04-04,
TASK001325,Technical spec call,Not Started,2026-04-04,
TASK001326,Delivery confirmation,In Progress,2026-04-04,
TASK001327,Invoice dispute follow-up,Completed,2026-04-04,
TASK001328,Warranty claim initiated,Not Started,2026-04-04,
TASK001329,Installation support scheduled,In Progress,2026-04-04,
TASK001330,Quarterly business review,Completed,2026-04-04,
TASK001331,Return processing started,Not Started,2026-04-04,
TASK001332,Credit memo issued,In Progress,2026-04-04,
TASK001333,Backorder notification sent,Completed,2026-04-03,
TASK001334,Custom order specification,Not Started,2026-04-03,
TASK001335,Compliance documentation sent,In Progress,2026-04-03,
TASK001336,Pipeline review completed,Completed,2026-04-03,
TASK001337,Product spec clarification,Not Started,2026-04-03,
TASK001338,Account renewal discussion,In Progress,2026-04-03,
TASK001339,Shipping damage claim filed,Completed,2026-04-03,
TASK001340,New lead qualification call,Not Started,2026-04-03,
TASK001341,Follow up on order status,In Progress,2026-04-03,
TASK001342,Product demo scheduled,Completed,2026-04-03,
TASK001343,Send quote revision,Not Started,2026-04-03,
TASK001344,Contract review meeting,In Progress,2026-04-03,
TASK001345,Technical spec call,Completed,2026-04-03,
TASK001346,Delivery confirmation,Not Started,2026-04-03,
TASK001347,Invoice dispute follow-up,In Progress,2026-04-03,
TASK001348,Warranty claim initiated,Completed,2026-04-03,
TASK001349,Installation support scheduled,Not Started,2026-04-03,
TASK001350,Quarterly business review,In Progress,2026-04-02,
TASK001351,Return processing started,Completed,2026-04-02,
TASK001352,Credit memo issued,Not Started,2026-04-02,
TASK001353,Backorder notification sent,In Progress,2026-04-02,
TASK001354,Custom order specification,Completed,2026-04-02,
TASK001355,Compliance documentation sent,Not Started,2026-04-02,
TASK001356,Pipeline review completed,In Progress,2026-04-02,
TASK001357,Product spec clarification,Completed,2026-04-02,
TASK001358,Account renewal discussion,Not Started,2026-04-02,
TASK001359,Shipping damage claim filed,In Progress,2026-04-02,
TASK001360,New lead qualification call,Completed,2026-04-02,
TASK001361,Follow up on order status,Not Started,2026-04-02,
TASK001362,Product demo scheduled,In Progress,2026-04-02,
TASK001363,Send quote revision,Completed,2026-04-02,
TASK001364,Contract review meeting,Not Started,2026-04-02,
TASK001365,Technical spec call,In Progress,2026-04-02,
TASK001366,Delivery confirmation,Completed,2026-04-02,
TASK001367,Invoice dispute follow-up,Not Started,2026-04-01,
TASK001368,Warranty claim initiated,In Progress,2026-04-01,
TASK001369,Installation support scheduled,Completed,2026-04-01,
TASK001370,Quarterly business review,Not Started,2026-04-01,
TASK001371,Return processing started,In Progress,2026-04-01,
TASK001372,Credit memo issued,Completed,2026-04-01,
TASK001373,Backorder notification sent,Not Started,2026-04-01,
TASK001374,Custom order specification,In Progress,2026-04-01,
TASK001375,Compliance documentation sent,Completed,2026-04-01,
TASK001376,Pipeline review completed,Not Started,2026-04-01,
TASK001377,Product spec clarification,In Progress,2026-04-01,
TASK001378,Account renewal discussion,Completed,2026-04-01,
TASK001379,Shipping damage claim filed,Not Started,2026-04-01,
TASK001380,New lead qualification call,In Progress,2026-04-01,
TASK001381,Follow up on order status,Completed,2026-04-01,
TASK001382,Product demo scheduled,Not Started,2026-04-01,
TASK001383,Send quote revision,In Progress,2026-04-01,
TASK001384,Contract review meeting,Completed,2026-03-31,
TASK001385,Technical spec call,Not Started,2026-03-31,
TASK001386,Delivery confirmation,In Progress,2026-03-31,
TASK001387,Invoice dispute follow-up,Completed,2026-03-31,
TASK001388,Warranty claim initiated,Not Started,2026-03-31,
TASK001389,Installation support scheduled,In Progress,2026-03-31,
TASK001390,Quarterly business review,Completed,2026-03-31,
TASK001391,Return processing started,Not Started,2026-03-31,
TASK001392,Credit memo issued,In Progress,2026-03-31,
TASK001393,Backorder notification sent,Completed,2026-03-31,
TASK001394,Custom order specification,Not Started,2026-03-31,
TASK001395,Compliance documentation sent,In Progress,2026-03-31,
TASK001396,Pipeline review completed,Completed,2026-03-31,
TASK001397,Product spec clarification,Not Started,2026-03-31,
TASK001398,Account renewal discussion,In Progress,2026-03-31,
TASK001399,Shipping damage claim filed,Completed,2026-03-31,
TASK001400,New lead qualification call,Not Started,2026-03-30,
TASK001401,Follow up on order status,In Progress,2026-03-30,
TASK001402,Product demo scheduled,Completed,2026-03-30,
TASK001403,Send quote revision,Not Started,2026-03-30,
TASK001404,Contract review meeting,In Progress,2026-03-30,
TASK001405,Technical spec call,Completed,2026-03-30,
TASK001406,Delivery confirmation,Not Started,2026-03-30,
TASK001407,Invoice dispute follow-up,In Progress,2026-03-30,
TASK001408,Warranty claim initiated,Completed,2026-03-30,
TASK001409,Installation support scheduled,Not Started,2026-03-30,
TASK001410,Quarterly business review,In Progress,2026-03-30,
TASK001411,Return processing started,Completed,2026-03-30,
TASK001412,Credit memo issued,Not Started,2026-03-30,
TASK001413,Backorder notification sent,In Progress,2026-03-30,
TASK001414,Custom order specification,Completed,2026-03-30,
TASK001415,Compliance documentation sent,Not Started,2026-03-30,
TASK001416,Pipeline review completed,In Progress,2026-03-30,
TASK001417,Product spec clarification,Completed,2026-03-29,
TASK001418,Account renewal discussion,Not Started,2026-03-29,
TASK001419,Shipping damage claim filed,In Progress,2026-03-29,
TASK001420,New lead qualification call,Completed,2026-03-29,
TASK001421,Follow up on order status,Not Started,2026-03-29,
TASK001422,Product demo scheduled,In Progress,2026-03-29,
TASK001423,Send quote revision,Completed,2026-03-29,
TASK001424,Contract review meeting,Not Started,2026-03-29,
TASK001425,Technical spec call,In Progress,2026-03-29,
TASK001426,Delivery confirmation,Completed,2026-03-29,
TASK001427,Invoice dispute follow-up,Not Started,2026-03-29,
TASK001428,Warranty claim initiated,In Progress,2026-03-29,
TASK001429,Installation support scheduled,Completed,2026-03-29,
TASK001430,Quarterly business review,Not Started,2026-03-29,
TASK001431,Return processing started,In Progress,2026-03-29,
TASK001432,Credit memo issued,Completed,2026-03-29,
TASK001433,Backorder notification sent,Not Started,2026-03-29,
TASK001434,Custom order specification,In Progress,2026-03-28,
TASK001435,Compliance documentation sent,Completed,2026-03-28,
TASK001436,Pipeline review completed,Not Started,2026-03-28,
TASK001437,Product spec clarification,In Progress,2026-03-28,
TASK001438,Account renewal discussion,Completed,2026-03-28,
TASK001439,Shipping damage claim filed,Not Started,2026-03-28,
TASK001440,New lead qualification call,In Progress,2026-03-28,
TASK001441,Follow up on order status,Completed,2026-03-28,
TASK001442,Product demo scheduled,Not Started,2026-03-28,
TASK001443,Send quote revision,In Progress,2026-03-28,
TASK001444,Contract review meeting,Completed,2026-03-28,
TASK001445,Technical spec call,Not Started,2026-03-28,
TASK001446,Delivery confirmation,In Progress,2026-03-28,
TASK001447,Invoice dispute follow-up,Completed,2026-03-28,
TASK001448,Warranty claim initiated,Not Started,2026-03-28,
TASK001449,Installation support scheduled,In Progress,2026-03-28,
TASK001450,Quarterly business review,Completed,2026-03-28,
TASK001451,Return processing started,Not Started,2026-03-27,
TASK001452,Credit memo issued,In Progress,2026-03-27,
TASK001453,Backorder notification sent,Completed,2026-03-27,
TASK001454,Custom order specification,Not Started,2026-03-27,
TASK001455,Compliance documentation sent,In Progress,2026-03-27,
TASK001456,Pipeline review completed,Completed,2026-03-27,
TASK001457,Product spec clarification,Not Started,2026-03-27,
TASK001458,Account renewal discussion,In Progress,2026-03-27,
TASK001459,Shipping damage claim filed,Completed,2026-03-27,
TASK001460,New lead qualification call,Not Started,2026-03-27,
TASK001461,Follow up on order status,In Progress,2026-03-27,
TASK001462,Product demo scheduled,Completed,2026-03-27,
TASK001463,Send quote revision,Not Started,2026-03-27,
TASK001464,Contract review meeting,In Progress,2026-03-27,
TASK001465,Technical spec call,Completed,2026-03-27,
TASK001466,Delivery confirmation,Not Started,2026-03-27,
TASK001467,Invoice dispute follow-up,In Progress,2026-03-27,
TASK001468,Warranty claim initiated,Completed,2026-03-26,
TASK001469,Installation support scheduled,Not Started,2026-03-26,
TASK001470,Quarterly business review,In Progress,2026-03-26,
TASK001471,Return processing started,Completed,2026-03-26,
TASK001472,Credit memo issued,Not Started,2026-03-26,
TASK001473,Backorder notification sent,In Progress,2026-03-26,
TASK001474,Custom order specification,Completed,2026-03-26,
TASK001475,Compliance documentation sent,Not Started,2026-03-26,
TASK001476,Pipeline review completed,In Progress,2026-03-26,
TASK001477,Product spec clarification,Completed,2026-03-26,
TASK001478,Account renewal discussion,Not Started,2026-03-26,
TASK001479,Shipping damage claim filed,In Progress,2026-03-26,
TASK001480,New lead qualification call,Completed,2026-03-26,
TASK001481,Follow up on order status,Not Started,2026-03-26,
TASK001482,Product demo scheduled,In Progress,2026-03-26,
TASK001483,Send quote revision,Completed,2026-03-26,
TASK001484,Contract review meeting,Not Started,2026-03-26,
TASK001485,Technical spec call,In Progress,2026-03-25,
TASK001486,Delivery confirmation,Completed,2026-03-25,
TASK001487,Invoice dispute follow-up,Not Started,2026-03-25,
TASK001488,Warranty claim initiated,In Progress,2026-03-25,
TASK001489,Installation support scheduled,Completed,2026-03-25,
TASK001490,Quarterly business review,Not Started,2026-03-25,
TASK001491,Return processing started,In Progress,2026-03-25,
TASK001492,Credit memo issued,Completed,2026-03-25,
TASK001493,Backorder notification sent,Not Started,2026-03-25,
TASK001494,Custom order specification,In Progress,2026-03-25,
TASK001495,Compliance documentation sent,Completed,2026-03-25,
TASK001496,Pipeline review completed,Not Started,2026-03-25,
TASK001497,Product spec clarification,In Progress,2026-03-25,
TASK001498,Account renewal discussion,Completed,2026-03-25,
TASK001499,Shipping damage claim filed,Not Started,2026-03-25,
TASK001500,New lead qualification call,In Progress,2026-03-25,